period,cty_code,iso2,country_name,cal_dut_mo,con_val_mo,expost_avg_rate_pct
2025-01,1220,CA,Canada,42259879,38990368429,0.10838543133274992
2025-02,1220,CA,Canada,38181494,34834044113,0.10960970789421128
2025-03,1220,CA,Canada,560924567,35006892187,1.6023260905414
2025-04,1220,CA,Canada,869338638,29131909112,2.984145785495062
2025-05,1220,CA,Canada,985485834,30002626874,3.284665166615837
2025-06,1220,CA,Canada,1054156926,29694128619,3.550051727483561
2025-07,1220,CA,Canada,928648783,32128553599,2.8904157796537224
2025-08,1220,CA,Canada,1094947263,29109072889,3.761532588740635
2025-09,1220,CA,Canada,1211340039,31768642144,3.8130053954124707
2025-10,1220,CA,Canada,1186228748,31193769565,3.802774607051567
2025-11,1220,CA,Canada,1035785426,28501445663,3.6341504857230302
2025-12,1220,CA,Canada,978820546,31678746567,3.089833570055594
2026-01,1220,CA,Canada,877318989,28262219795,3.104211188518216
2026-02,1220,CA,Canada,928658768,28993967085,3.202937925939913
2026-03,1220,CA,Canada,1071319016,34005620435,3.1504174965658147
2026-04,1220,CA,Canada,1114812459,34944522897,3.1902351687156876
2026-05,1220,CA,Canada,1107768744,36109247277,3.06782563342327
2026-06,1220,CA,Canada,1060310570,37201104889,2.850212576114973
