program,geography,metric,unit,breakdown,pe_value,concept_note
snap,US,elig_pop,pop,total,66363626.78220841,"persons in SNAP-eligible SPM units, annual 2024 (Urban: avg-month people incl BBCE)"
snap,AK,elig_pop,pop,total,107166.399439784,"persons in SNAP-eligible SPM units, annual 2024 (Urban: avg-month people incl BBCE)"
snap,AL,elig_pop,pop,total,1035293.4872430571,"persons in SNAP-eligible SPM units, annual 2024 (Urban: avg-month people incl BBCE)"
snap,AR,elig_pop,pop,total,358555.17655784375,"persons in SNAP-eligible SPM units, annual 2024 (Urban: avg-month people incl BBCE)"
snap,AZ,elig_pop,pop,total,1833603.8373193976,"persons in SNAP-eligible SPM units, annual 2024 (Urban: avg-month people incl BBCE)"
snap,CA,elig_pop,pop,total,7337252.979289377,"persons in SNAP-eligible SPM units, annual 2024 (Urban: avg-month people incl BBCE)"
snap,CO,elig_pop,pop,total,1128264.7165299444,"persons in SNAP-eligible SPM units, annual 2024 (Urban: avg-month people incl BBCE)"
snap,CT,elig_pop,pop,total,723086.8517062025,"persons in SNAP-eligible SPM units, annual 2024 (Urban: avg-month people incl BBCE)"
snap,DC,elig_pop,pop,total,193537.18336252865,"persons in SNAP-eligible SPM units, annual 2024 (Urban: avg-month people incl BBCE)"
snap,DE,elig_pop,pop,total,206779.84454031038,"persons in SNAP-eligible SPM units, annual 2024 (Urban: avg-month people incl BBCE)"
snap,FL,elig_pop,pop,total,5162996.229856159,"persons in SNAP-eligible SPM units, annual 2024 (Urban: avg-month people incl BBCE)"
snap,GA,elig_pop,pop,total,2140766.259616266,"persons in SNAP-eligible SPM units, annual 2024 (Urban: avg-month people incl BBCE)"
snap,HI,elig_pop,pop,total,227914.22461673233,"persons in SNAP-eligible SPM units, annual 2024 (Urban: avg-month people incl BBCE)"
snap,IA,elig_pop,pop,total,550270.2011905856,"persons in SNAP-eligible SPM units, annual 2024 (Urban: avg-month people incl BBCE)"
snap,ID,elig_pop,pop,total,133502.6730461804,"persons in SNAP-eligible SPM units, annual 2024 (Urban: avg-month people incl BBCE)"
snap,IL,elig_pop,pop,total,2915989.4689833084,"persons in SNAP-eligible SPM units, annual 2024 (Urban: avg-month people incl BBCE)"
snap,IN,elig_pop,pop,total,931829.9215922853,"persons in SNAP-eligible SPM units, annual 2024 (Urban: avg-month people incl BBCE)"
snap,KS,elig_pop,pop,total,278233.60776701703,"persons in SNAP-eligible SPM units, annual 2024 (Urban: avg-month people incl BBCE)"
snap,KY,elig_pop,pop,total,1413101.26844702,"persons in SNAP-eligible SPM units, annual 2024 (Urban: avg-month people incl BBCE)"
snap,LA,elig_pop,pop,total,1103508.2041631131,"persons in SNAP-eligible SPM units, annual 2024 (Urban: avg-month people incl BBCE)"
snap,MA,elig_pop,pop,total,1528405.1039322438,"persons in SNAP-eligible SPM units, annual 2024 (Urban: avg-month people incl BBCE)"
snap,MD,elig_pop,pop,total,1233269.2288041548,"persons in SNAP-eligible SPM units, annual 2024 (Urban: avg-month people incl BBCE)"
snap,ME,elig_pop,pop,total,307341.52571229136,"persons in SNAP-eligible SPM units, annual 2024 (Urban: avg-month people incl BBCE)"
snap,MI,elig_pop,pop,total,2453677.799737371,"persons in SNAP-eligible SPM units, annual 2024 (Urban: avg-month people incl BBCE)"
snap,MN,elig_pop,pop,total,1001118.6586821316,"persons in SNAP-eligible SPM units, annual 2024 (Urban: avg-month people incl BBCE)"
snap,MO,elig_pop,pop,total,798431.4203597537,"persons in SNAP-eligible SPM units, annual 2024 (Urban: avg-month people incl BBCE)"
snap,MS,elig_pop,pop,total,479372.90500444436,"persons in SNAP-eligible SPM units, annual 2024 (Urban: avg-month people incl BBCE)"
snap,MT,elig_pop,pop,total,227538.7081922716,"persons in SNAP-eligible SPM units, annual 2024 (Urban: avg-month people incl BBCE)"
snap,NC,elig_pop,pop,total,2227052.5109498445,"persons in SNAP-eligible SPM units, annual 2024 (Urban: avg-month people incl BBCE)"
snap,ND,elig_pop,pop,total,52783.5698024407,"persons in SNAP-eligible SPM units, annual 2024 (Urban: avg-month people incl BBCE)"
snap,NE,elig_pop,pop,total,257770.0251838301,"persons in SNAP-eligible SPM units, annual 2024 (Urban: avg-month people incl BBCE)"
snap,NH,elig_pop,pop,total,146320.63218098407,"persons in SNAP-eligible SPM units, annual 2024 (Urban: avg-month people incl BBCE)"
snap,NJ,elig_pop,pop,total,1488938.9572699582,"persons in SNAP-eligible SPM units, annual 2024 (Urban: avg-month people incl BBCE)"
snap,NM,elig_pop,pop,total,680936.3934601895,"persons in SNAP-eligible SPM units, annual 2024 (Urban: avg-month people incl BBCE)"
snap,NV,elig_pop,pop,total,785794.2510536114,"persons in SNAP-eligible SPM units, annual 2024 (Urban: avg-month people incl BBCE)"
snap,NY,elig_pop,pop,total,5047225.664283209,"persons in SNAP-eligible SPM units, annual 2024 (Urban: avg-month people incl BBCE)"
snap,OH,elig_pop,pop,total,2092898.9138972124,"persons in SNAP-eligible SPM units, annual 2024 (Urban: avg-month people incl BBCE)"
snap,OK,elig_pop,pop,total,908900.7697280787,"persons in SNAP-eligible SPM units, annual 2024 (Urban: avg-month people incl BBCE)"
snap,OR,elig_pop,pop,total,1120118.9148677262,"persons in SNAP-eligible SPM units, annual 2024 (Urban: avg-month people incl BBCE)"
snap,PA,elig_pop,pop,total,3012324.715263579,"persons in SNAP-eligible SPM units, annual 2024 (Urban: avg-month people incl BBCE)"
snap,RI,elig_pop,pop,total,179800.91250032312,"persons in SNAP-eligible SPM units, annual 2024 (Urban: avg-month people incl BBCE)"
snap,SC,elig_pop,pop,total,762068.9962729041,"persons in SNAP-eligible SPM units, annual 2024 (Urban: avg-month people incl BBCE)"
snap,SD,elig_pop,pop,total,101568.9902555056,"persons in SNAP-eligible SPM units, annual 2024 (Urban: avg-month people incl BBCE)"
snap,TN,elig_pop,pop,total,995966.94595269,"persons in SNAP-eligible SPM units, annual 2024 (Urban: avg-month people incl BBCE)"
snap,TX,elig_pop,pop,total,4945001.867038015,"persons in SNAP-eligible SPM units, annual 2024 (Urban: avg-month people incl BBCE)"
snap,UT,elig_pop,pop,total,246382.64031686145,"persons in SNAP-eligible SPM units, annual 2024 (Urban: avg-month people incl BBCE)"
snap,VA,elig_pop,pop,total,1976717.0534803215,"persons in SNAP-eligible SPM units, annual 2024 (Urban: avg-month people incl BBCE)"
snap,VT,elig_pop,pop,total,92048.05357761569,"persons in SNAP-eligible SPM units, annual 2024 (Urban: avg-month people incl BBCE)"
snap,WA,elig_pop,pop,total,1556684.0332818814,"persons in SNAP-eligible SPM units, annual 2024 (Urban: avg-month people incl BBCE)"
snap,WI,elig_pop,pop,total,1325986.6404351809,"persons in SNAP-eligible SPM units, annual 2024 (Urban: avg-month people incl BBCE)"
snap,WV,elig_pop,pop,total,514484.99795119936,"persons in SNAP-eligible SPM units, annual 2024 (Urban: avg-month people incl BBCE)"
snap,WY,elig_pop,pop,total,35042.44751347044,"persons in SNAP-eligible SPM units, annual 2024 (Urban: avg-month people incl BBCE)"
snap,US,part_pop,pop,total,60581932.50736195,persons in units with snap>0
snap,AK,part_pop,pop,total,107163.92361154017,persons in units with snap>0
snap,AL,part_pop,pop,total,1035293.4872430571,persons in units with snap>0
snap,AR,part_pop,pop,total,358555.17655784375,persons in units with snap>0
snap,AZ,part_pop,pop,total,1437000.3980999694,persons in units with snap>0
snap,CA,part_pop,pop,total,7316599.425090158,persons in units with snap>0
snap,CO,part_pop,pop,total,833851.4918688146,persons in units with snap>0
snap,CT,part_pop,pop,total,537230.7988259122,persons in units with snap>0
snap,DC,part_pop,pop,total,193537.18336252865,persons in units with snap>0
snap,DE,part_pop,pop,total,159812.57029538468,persons in units with snap>0
snap,FL,part_pop,pop,total,4573655.977950049,persons in units with snap>0
snap,GA,part_pop,pop,total,2107043.756091728,persons in units with snap>0
snap,HI,part_pop,pop,total,227914.22461673233,persons in units with snap>0
snap,IA,part_pop,pop,total,399589.64287020155,persons in units with snap>0
snap,ID,part_pop,pop,total,177065.57320723328,persons in units with snap>0
snap,IL,part_pop,pop,total,2812918.3102865946,persons in units with snap>0
snap,IN,part_pop,pop,total,931829.9215922853,persons in units with snap>0
snap,KS,part_pop,pop,total,239701.08851805463,persons in units with snap>0
snap,KY,part_pop,pop,total,1010308.9804372952,persons in units with snap>0
snap,LA,part_pop,pop,total,1103508.2041631131,persons in units with snap>0
snap,MA,part_pop,pop,total,1471469.558429858,persons in units with snap>0
snap,MD,part_pop,pop,total,1070357.8978480715,persons in units with snap>0
snap,ME,part_pop,pop,total,229021.0548265188,persons in units with snap>0
snap,MI,part_pop,pop,total,2173044.0156743205,persons in units with snap>0
snap,MN,part_pop,pop,total,679013.5336939613,persons in units with snap>0
snap,MO,part_pop,pop,total,798431.4203597537,persons in units with snap>0
snap,MS,part_pop,pop,total,479372.90500444436,persons in units with snap>0
snap,MT,part_pop,pop,total,100944.78160587269,persons in units with snap>0
snap,NC,part_pop,pop,total,2112658.097218761,persons in units with snap>0
snap,ND,part_pop,pop,total,52783.5698024407,persons in units with snap>0
snap,NE,part_pop,pop,total,251126.13516749,persons in units with snap>0
snap,NH,part_pop,pop,total,114312.4151638566,persons in units with snap>0
snap,NJ,part_pop,pop,total,1284714.787769978,persons in units with snap>0
snap,NM,part_pop,pop,total,628506.996304255,persons in units with snap>0
snap,NV,part_pop,pop,total,705338.9761205725,persons in units with snap>0
snap,NY,part_pop,pop,total,4673440.233982153,persons in units with snap>0
snap,OH,part_pop,pop,total,2012340.6685047501,persons in units with snap>0
snap,OK,part_pop,pop,total,908900.7697280787,persons in units with snap>0
snap,OR,part_pop,pop,total,1014613.4017514695,persons in units with snap>0
snap,PA,part_pop,pop,total,2837387.4319248246,persons in units with snap>0
snap,RI,part_pop,pop,total,179800.91250032312,persons in units with snap>0
snap,SC,part_pop,pop,total,743027.5311887718,persons in units with snap>0
snap,SD,part_pop,pop,total,101568.78024923598,persons in units with snap>0
snap,TN,part_pop,pop,total,995966.94595269,persons in units with snap>0
snap,TX,part_pop,pop,total,4945001.822856443,persons in units with snap>0
snap,UT,part_pop,pop,total,246382.64031686145,persons in units with snap>0
snap,VA,part_pop,pop,total,1235170.2131928203,persons in units with snap>0
snap,VT,part_pop,pop,total,90893.58403721084,persons in units with snap>0
snap,WA,part_pop,pop,total,1397715.977917456,persons in units with snap>0
snap,WI,part_pop,pop,total,992651.7073946716,persons in units with snap>0
snap,WV,part_pop,pop,total,458351.1586720698,persons in units with snap>0
snap,WY,part_pop,pop,total,35042.44751347044,persons in units with snap>0
snap,US,part_rate,pop,total,0.9128785668417313,
snap,AK,part_rate,pop,total,0.9999768973460267,
snap,AL,part_rate,pop,total,1.0,
snap,AR,part_rate,pop,total,1.0,
snap,AZ,part_rate,pop,total,0.7837027654789188,
snap,CA,part_rate,pop,total,0.9971851107958909,
snap,CO,part_rate,pop,total,0.7390566058233055,
snap,CT,part_rate,pop,total,0.7429685625706751,
snap,DC,part_rate,pop,total,1.0,
snap,DE,part_rate,pop,total,0.7728633835210678,
snap,FL,part_rate,pop,total,0.8858530539886664,
snap,GA,part_rate,pop,total,0.9842474612195248,
snap,HI,part_rate,pop,total,1.0,
snap,IA,part_rate,pop,total,0.7261698743737788,
snap,ID,part_rate,pop,total,1.32630732529216,
snap,IL,part_rate,pop,total,0.9646531101044578,
snap,IN,part_rate,pop,total,1.0,
snap,KS,part_rate,pop,total,0.861510190813368,
snap,KY,part_rate,pop,total,0.7149586537047069,
snap,LA,part_rate,pop,total,1.0,
snap,MA,part_rate,pop,total,0.9627483935012364,
snap,MD,part_rate,pop,total,0.8679028656913373,
snap,ME,part_rate,pop,total,0.7451679505258592,
snap,MI,part_rate,pop,total,0.8856272881088593,
snap,MN,part_rate,pop,total,0.6782547980753969,
snap,MO,part_rate,pop,total,1.0,
snap,MS,part_rate,pop,total,1.0,
snap,MT,part_rate,pop,total,0.4436378425800578,
snap,NC,part_rate,pop,total,0.9486341641390873,
snap,ND,part_rate,pop,total,1.0,
snap,NE,part_rate,pop,total,0.9742255135693068,
snap,NH,part_rate,pop,total,0.781246044798819,
snap,NJ,part_rate,pop,total,0.8628391254706403,
snap,NM,part_rate,pop,total,0.9230039726772222,
snap,NV,part_rate,pop,total,0.8976127977200615,
snap,NY,part_rate,pop,total,0.9259423978313165,
snap,OH,part_rate,pop,total,0.9615087738554684,
snap,OK,part_rate,pop,total,1.0,
snap,OR,part_rate,pop,total,0.9058086496747395,
snap,PA,part_rate,pop,total,0.9419261534281681,
snap,RI,part_rate,pop,total,1.0,
snap,SC,part_rate,pop,total,0.9750134631152041,
snap,SD,part_rate,pop,total,0.99999793237809,
snap,TN,part_rate,pop,total,1.0,
snap,TX,part_rate,pop,total,0.9999999910654084,
snap,UT,part_rate,pop,total,1.0,
snap,VA,part_rate,pop,total,0.6248593904818642,
snap,VT,part_rate,pop,total,0.9874579690114642,
snap,WA,part_rate,pop,total,0.8978803328320387,
snap,WI,part_rate,pop,total,0.7486136565213729,
snap,WV,part_rate,pop,total,0.8908931465394175,
snap,WY,part_rate,pop,total,1.0,
snap,US,part_gap,pop,total,5781694.274846464,
snap,AK,part_gap,pop,total,2.4758282438269816,
snap,AL,part_gap,pop,total,0.0,
snap,AR,part_gap,pop,total,0.0,
snap,AZ,part_gap,pop,total,396603.4392194282,
snap,CA,part_gap,pop,total,20653.55419921875,
snap,CO,part_gap,pop,total,294413.2246611299,
snap,CT,part_gap,pop,total,185856.0528802903,
snap,DC,part_gap,pop,total,0.0,
snap,DE,part_gap,pop,total,46967.274244925706,
snap,FL,part_gap,pop,total,589340.25190611,
snap,GA,part_gap,pop,total,33722.50352453813,
snap,HI,part_gap,pop,total,0.0,
snap,IA,part_gap,pop,total,150680.55832038407,
snap,ID,part_gap,pop,total,-43562.90016105288,
snap,IL,part_gap,pop,total,103071.15869671386,
snap,IN,part_gap,pop,total,0.0,
snap,KS,part_gap,pop,total,38532.5192489624,
snap,KY,part_gap,pop,total,402792.2880097249,
snap,LA,part_gap,pop,total,0.0,
snap,MA,part_gap,pop,total,56935.54550238582,
snap,MD,part_gap,pop,total,162911.33095608326,
snap,ME,part_gap,pop,total,78320.47088577255,
snap,MI,part_gap,pop,total,280633.7840630505,
snap,MN,part_gap,pop,total,322105.1249881702,
snap,MO,part_gap,pop,total,0.0,
snap,MS,part_gap,pop,total,0.0,
snap,MT,part_gap,pop,total,126593.9265863989,
snap,NC,part_gap,pop,total,114394.41373108327,
snap,ND,part_gap,pop,total,0.0,
snap,NE,part_gap,pop,total,6643.890016340098,
snap,NH,part_gap,pop,total,32008.217017127477,
snap,NJ,part_gap,pop,total,204224.1694999803,
snap,NM,part_gap,pop,total,52429.39715593448,
snap,NV,part_gap,pop,total,80455.27493303886,
snap,NY,part_gap,pop,total,373785.4303010553,
snap,OH,part_gap,pop,total,80558.24539246224,
snap,OK,part_gap,pop,total,0.0,
snap,OR,part_gap,pop,total,105505.51311625668,
snap,PA,part_gap,pop,total,174937.28333875444,
snap,RI,part_gap,pop,total,0.0,
snap,SC,part_gap,pop,total,19041.465084132273,
snap,SD,part_gap,pop,total,0.2100062696263194,
snap,TN,part_gap,pop,total,0.0,
snap,TX,part_gap,pop,total,0.044181572273373604,
snap,UT,part_gap,pop,total,0.0,
snap,VA,part_gap,pop,total,741546.8402875012,
snap,VT,part_gap,pop,total,1154.4695404048543,
snap,WA,part_gap,pop,total,158968.0553644253,
snap,WI,part_gap,pop,total,333334.93304050923,
snap,WV,part_gap,pop,total,56133.83927912958,
snap,WY,part_gap,pop,total,0.0,
ssi,US,elig_pop,pop,total,34137362.408079416,"adults 18+, PE is_ssi_eligible = ABD+resources+immigration WITHOUT income test (broader than Urban payable concept)"
ssi,AK,elig_pop,pop,total,40124.21124256839,"adults 18+, PE is_ssi_eligible = ABD+resources+immigration WITHOUT income test (broader than Urban payable concept)"
ssi,AL,elig_pop,pop,total,677975.8301444422,"adults 18+, PE is_ssi_eligible = ABD+resources+immigration WITHOUT income test (broader than Urban payable concept)"
ssi,AR,elig_pop,pop,total,372318.45849815226,"adults 18+, PE is_ssi_eligible = ABD+resources+immigration WITHOUT income test (broader than Urban payable concept)"
ssi,AZ,elig_pop,pop,total,815538.8154450108,"adults 18+, PE is_ssi_eligible = ABD+resources+immigration WITHOUT income test (broader than Urban payable concept)"
ssi,CA,elig_pop,pop,total,3791900.3263560855,"adults 18+, PE is_ssi_eligible = ABD+resources+immigration WITHOUT income test (broader than Urban payable concept)"
ssi,CO,elig_pop,pop,total,503660.34252339177,"adults 18+, PE is_ssi_eligible = ABD+resources+immigration WITHOUT income test (broader than Urban payable concept)"
ssi,CT,elig_pop,pop,total,310037.8142203934,"adults 18+, PE is_ssi_eligible = ABD+resources+immigration WITHOUT income test (broader than Urban payable concept)"
ssi,DC,elig_pop,pop,total,41484.351622792405,"adults 18+, PE is_ssi_eligible = ABD+resources+immigration WITHOUT income test (broader than Urban payable concept)"
ssi,DE,elig_pop,pop,total,119387.31765101265,"adults 18+, PE is_ssi_eligible = ABD+resources+immigration WITHOUT income test (broader than Urban payable concept)"
ssi,FL,elig_pop,pop,total,2683788.490491202,"adults 18+, PE is_ssi_eligible = ABD+resources+immigration WITHOUT income test (broader than Urban payable concept)"
ssi,GA,elig_pop,pop,total,1161412.5305929133,"adults 18+, PE is_ssi_eligible = ABD+resources+immigration WITHOUT income test (broader than Urban payable concept)"
ssi,HI,elig_pop,pop,total,160835.6357938788,"adults 18+, PE is_ssi_eligible = ABD+resources+immigration WITHOUT income test (broader than Urban payable concept)"
ssi,IA,elig_pop,pop,total,266934.83017412183,"adults 18+, PE is_ssi_eligible = ABD+resources+immigration WITHOUT income test (broader than Urban payable concept)"
ssi,ID,elig_pop,pop,total,158905.4832250829,"adults 18+, PE is_ssi_eligible = ABD+resources+immigration WITHOUT income test (broader than Urban payable concept)"
ssi,IL,elig_pop,pop,total,1260498.698948875,"adults 18+, PE is_ssi_eligible = ABD+resources+immigration WITHOUT income test (broader than Urban payable concept)"
ssi,IN,elig_pop,pop,total,541771.244746064,"adults 18+, PE is_ssi_eligible = ABD+resources+immigration WITHOUT income test (broader than Urban payable concept)"
ssi,KS,elig_pop,pop,total,302218.3098200067,"adults 18+, PE is_ssi_eligible = ABD+resources+immigration WITHOUT income test (broader than Urban payable concept)"
ssi,KY,elig_pop,pop,total,498671.63023973966,"adults 18+, PE is_ssi_eligible = ABD+resources+immigration WITHOUT income test (broader than Urban payable concept)"
ssi,LA,elig_pop,pop,total,497628.17414253845,"adults 18+, PE is_ssi_eligible = ABD+resources+immigration WITHOUT income test (broader than Urban payable concept)"
ssi,MA,elig_pop,pop,total,757997.6558844516,"adults 18+, PE is_ssi_eligible = ABD+resources+immigration WITHOUT income test (broader than Urban payable concept)"
ssi,MD,elig_pop,pop,total,526468.4887467842,"adults 18+, PE is_ssi_eligible = ABD+resources+immigration WITHOUT income test (broader than Urban payable concept)"
ssi,ME,elig_pop,pop,total,174415.88637556724,"adults 18+, PE is_ssi_eligible = ABD+resources+immigration WITHOUT income test (broader than Urban payable concept)"
ssi,MI,elig_pop,pop,total,1121947.2476568893,"adults 18+, PE is_ssi_eligible = ABD+resources+immigration WITHOUT income test (broader than Urban payable concept)"
ssi,MN,elig_pop,pop,total,512771.70057019545,"adults 18+, PE is_ssi_eligible = ABD+resources+immigration WITHOUT income test (broader than Urban payable concept)"
ssi,MO,elig_pop,pop,total,697276.2279416432,"adults 18+, PE is_ssi_eligible = ABD+resources+immigration WITHOUT income test (broader than Urban payable concept)"
ssi,MS,elig_pop,pop,total,316983.8363703347,"adults 18+, PE is_ssi_eligible = ABD+resources+immigration WITHOUT income test (broader than Urban payable concept)"
ssi,MT,elig_pop,pop,total,96677.5556232587,"adults 18+, PE is_ssi_eligible = ABD+resources+immigration WITHOUT income test (broader than Urban payable concept)"
ssi,NC,elig_pop,pop,total,1441549.6730946498,"adults 18+, PE is_ssi_eligible = ABD+resources+immigration WITHOUT income test (broader than Urban payable concept)"
ssi,ND,elig_pop,pop,total,55860.21238540931,"adults 18+, PE is_ssi_eligible = ABD+resources+immigration WITHOUT income test (broader than Urban payable concept)"
ssi,NE,elig_pop,pop,total,179070.70254866648,"adults 18+, PE is_ssi_eligible = ABD+resources+immigration WITHOUT income test (broader than Urban payable concept)"
ssi,NH,elig_pop,pop,total,139117.00870040435,"adults 18+, PE is_ssi_eligible = ABD+resources+immigration WITHOUT income test (broader than Urban payable concept)"
ssi,NJ,elig_pop,pop,total,716021.6357093698,"adults 18+, PE is_ssi_eligible = ABD+resources+immigration WITHOUT income test (broader than Urban payable concept)"
ssi,NM,elig_pop,pop,total,270710.27657424076,"adults 18+, PE is_ssi_eligible = ABD+resources+immigration WITHOUT income test (broader than Urban payable concept)"
ssi,NV,elig_pop,pop,total,369685.7898120042,"adults 18+, PE is_ssi_eligible = ABD+resources+immigration WITHOUT income test (broader than Urban payable concept)"
ssi,NY,elig_pop,pop,total,2233392.6265569353,"adults 18+, PE is_ssi_eligible = ABD+resources+immigration WITHOUT income test (broader than Urban payable concept)"
ssi,OH,elig_pop,pop,total,1305729.913334277,"adults 18+, PE is_ssi_eligible = ABD+resources+immigration WITHOUT income test (broader than Urban payable concept)"
ssi,OK,elig_pop,pop,total,524953.9262233466,"adults 18+, PE is_ssi_eligible = ABD+resources+immigration WITHOUT income test (broader than Urban payable concept)"
ssi,OR,elig_pop,pop,total,480482.4646704147,"adults 18+, PE is_ssi_eligible = ABD+resources+immigration WITHOUT income test (broader than Urban payable concept)"
ssi,PA,elig_pop,pop,total,1681928.5946922011,"adults 18+, PE is_ssi_eligible = ABD+resources+immigration WITHOUT income test (broader than Urban payable concept)"
ssi,RI,elig_pop,pop,total,122612.00029126208,"adults 18+, PE is_ssi_eligible = ABD+resources+immigration WITHOUT income test (broader than Urban payable concept)"
ssi,SC,elig_pop,pop,total,637389.0706170886,"adults 18+, PE is_ssi_eligible = ABD+resources+immigration WITHOUT income test (broader than Urban payable concept)"
ssi,SD,elig_pop,pop,total,77529.77081500896,"adults 18+, PE is_ssi_eligible = ABD+resources+immigration WITHOUT income test (broader than Urban payable concept)"
ssi,TN,elig_pop,pop,total,660774.8243983898,"adults 18+, PE is_ssi_eligible = ABD+resources+immigration WITHOUT income test (broader than Urban payable concept)"
ssi,TX,elig_pop,pop,total,2242673.4764028373,"adults 18+, PE is_ssi_eligible = ABD+resources+immigration WITHOUT income test (broader than Urban payable concept)"
ssi,UT,elig_pop,pop,total,289223.33027025557,"adults 18+, PE is_ssi_eligible = ABD+resources+immigration WITHOUT income test (broader than Urban payable concept)"
ssi,VA,elig_pop,pop,total,765701.3848635183,"adults 18+, PE is_ssi_eligible = ABD+resources+immigration WITHOUT income test (broader than Urban payable concept)"
ssi,VT,elig_pop,pop,total,49886.73347430679,"adults 18+, PE is_ssi_eligible = ABD+resources+immigration WITHOUT income test (broader than Urban payable concept)"
ssi,WA,elig_pop,pop,total,666677.0751367199,"adults 18+, PE is_ssi_eligible = ABD+resources+immigration WITHOUT income test (broader than Urban payable concept)"
ssi,WI,elig_pop,pop,total,516013.0569024006,"adults 18+, PE is_ssi_eligible = ABD+resources+immigration WITHOUT income test (broader than Urban payable concept)"
ssi,WV,elig_pop,pop,total,252753.60446848714,"adults 18+, PE is_ssi_eligible = ABD+resources+immigration WITHOUT income test (broader than Urban payable concept)"
ssi,WY,elig_pop,pop,total,47994.16108982002,"adults 18+, PE is_ssi_eligible = ABD+resources+immigration WITHOUT income test (broader than Urban payable concept)"
ssi,US,part_pop,pop,total,6361149.586631068,adults with ssi>0
ssi,AK,part_pop,pop,total,10264.026729716774,adults with ssi>0
ssi,AL,part_pop,pop,total,129936.32656621025,adults with ssi>0
ssi,AR,part_pop,pop,total,71761.75830078125,adults with ssi>0
ssi,AZ,part_pop,pop,total,126835.36831317749,adults with ssi>0
ssi,CA,part_pop,pop,total,727404.8203125,adults with ssi>0
ssi,CO,part_pop,pop,total,67222.95831776969,adults with ssi>0
ssi,CT,part_pop,pop,total,47992.171223802725,adults with ssi>0
ssi,DC,part_pop,pop,total,8951.3956620869,adults with ssi>0
ssi,DE,part_pop,pop,total,11714.593187480641,adults with ssi>0
ssi,FL,part_pop,pop,total,542642.6639597416,adults with ssi>0
ssi,GA,part_pop,pop,total,230893.95478594047,adults with ssi>0
ssi,HI,part_pop,pop,total,21926.829953512643,adults with ssi>0
ssi,IA,part_pop,pop,total,45241.58156123315,adults with ssi>0
ssi,ID,part_pop,pop,total,17791.280085234786,adults with ssi>0
ssi,IL,part_pop,pop,total,241275.40822751494,adults with ssi>0
ssi,IN,part_pop,pop,total,117912.99758358905,adults with ssi>0
ssi,KS,part_pop,pop,total,41423.068205177085,adults with ssi>0
ssi,KY,part_pop,pop,total,94880.25732421875,adults with ssi>0
ssi,LA,part_pop,pop,total,124078.79575234168,adults with ssi>0
ssi,MA,part_pop,pop,total,167787.19718292612,adults with ssi>0
ssi,MD,part_pop,pop,total,105503.18528565671,adults with ssi>0
ssi,ME,part_pop,pop,total,33153.21299950848,adults with ssi>0
ssi,MI,part_pop,pop,total,231230.4401733668,adults with ssi>0
ssi,MN,part_pop,pop,total,91143.62446944811,adults with ssi>0
ssi,MO,part_pop,pop,total,138696.98109278828,adults with ssi>0
ssi,MS,part_pop,pop,total,91503.40731593408,adults with ssi>0
ssi,MT,part_pop,pop,total,14609.202337404946,adults with ssi>0
ssi,NC,part_pop,pop,total,220409.6112756729,adults with ssi>0
ssi,ND,part_pop,pop,total,7461.955069101998,adults with ssi>0
ssi,NE,part_pop,pop,total,31715.853196393466,adults with ssi>0
ssi,NH,part_pop,pop,total,14168.161640422011,adults with ssi>0
ssi,NJ,part_pop,pop,total,150910.80099636293,adults with ssi>0
ssi,NM,part_pop,pop,total,36856.845183662284,adults with ssi>0
ssi,NV,part_pop,pop,total,47871.55585884384,adults with ssi>0
ssi,NY,part_pop,pop,total,525772.9141516387,adults with ssi>0
ssi,OH,part_pop,pop,total,251274.16389834997,adults with ssi>0
ssi,OK,part_pop,pop,total,76922.15242098644,adults with ssi>0
ssi,OR,part_pop,pop,total,73013.35049028776,adults with ssi>0
ssi,PA,part_pop,pop,total,298868.9750878982,adults with ssi>0
ssi,RI,part_pop,pop,total,31820.44166572549,adults with ssi>0
ssi,SC,part_pop,pop,total,103774.96518305328,adults with ssi>0
ssi,SD,part_pop,pop,total,12850.806527775712,adults with ssi>0
ssi,TN,part_pop,pop,total,157399.22922017472,adults with ssi>0
ssi,TX,part_pop,pop,total,334344.84124290943,adults with ssi>0
ssi,UT,part_pop,pop,total,30870.37214465509,adults with ssi>0
ssi,VA,part_pop,pop,total,117188.52835540462,adults with ssi>0
ssi,VT,part_pop,pop,total,7986.442932128906,adults with ssi>0
ssi,WA,part_pop,pop,total,113456.47945736418,adults with ssi>0
ssi,WI,part_pop,pop,total,92428.79415099433,adults with ssi>0
ssi,WV,part_pop,pop,total,64394.0629478395,adults with ssi>0
ssi,WY,part_pop,pop,total,5610.776624358492,adults with ssi>0
ssi,US,part_rate,pop,total,0.18633980887537904,
ssi,AK,part_rate,pop,total,0.2558063177283722,
ssi,AL,part_rate,pop,total,0.19165333156276004,
ssi,AR,part_rate,pop,total,0.19274295072624606,
ssi,AZ,part_rate,pop,total,0.15552339865511847,
ssi,CA,part_rate,pop,total,0.19183120802426695,
ssi,CO,part_rate,pop,total,0.1334688333430731,
ssi,CT,part_rate,pop,total,0.15479457350865924,
ssi,DC,part_rate,pop,total,0.21577764414591472,
ssi,DE,part_rate,pop,total,0.09812259306909119,
ssi,FL,part_rate,pop,total,0.2021927830312828,
ssi,GA,part_rate,pop,total,0.19880442883465937,
ssi,HI,part_rate,pop,total,0.13633066978771596,
ssi,IA,part_rate,pop,total,0.16948549401260984,
ssi,ID,part_rate,pop,total,0.11196139821074765,
ssi,IL,part_rate,pop,total,0.19141265947256714,
ssi,IN,part_rate,pop,total,0.21764351417147765,
ssi,KS,part_rate,pop,total,0.13706339708486748,
ssi,KY,part_rate,pop,total,0.19026600185497708,
ssi,LA,part_rate,pop,total,0.24934037540406845,
ssi,MA,part_rate,pop,total,0.2213558259453291,
ssi,MD,part_rate,pop,total,0.20039791087363756,
ssi,ME,part_rate,pop,total,0.1900813835737425,
ssi,MI,part_rate,pop,total,0.20609742628833566,
ssi,MN,part_rate,pop,total,0.17774698636468741,
ssi,MO,part_rate,pop,total,0.1989125335625183,
ssi,MS,part_rate,pop,total,0.2886690008036559,
ssi,MT,part_rate,pop,total,0.15111265736108725,
ssi,NC,part_rate,pop,total,0.15289768739117265,
ssi,ND,part_rate,pop,total,0.1335826476565825,
ssi,NE,part_rate,pop,total,0.1771135799714304,
ssi,NH,part_rate,pop,total,0.1018434896838091,
ssi,NJ,part_rate,pop,total,0.2107629064125333,
ssi,NM,part_rate,pop,total,0.13614867396271343,
ssi,NV,part_rate,pop,total,0.12949255064195975,
ssi,NY,part_rate,pop,total,0.23541445776248754,
ssi,OH,part_rate,pop,total,0.19243961659475425,
ssi,OK,part_rate,pop,total,0.1465312450835146,
ssi,OR,part_rate,pop,total,0.15195840818118309,
ssi,PA,part_rate,pop,total,0.17769421129473828,
ssi,RI,part_rate,pop,total,0.2595214301221474,
ssi,SC,part_rate,pop,total,0.1628125896206276,
ssi,SD,part_rate,pop,total,0.16575318606885303,
ssi,TN,part_rate,pop,total,0.23820403473071283,
ssi,TX,part_rate,pop,total,0.14908315667030841,
ssi,UT,part_rate,pop,total,0.10673541486369462,
ssi,VA,part_rate,pop,total,0.1530472984273011,
ssi,VT,part_rate,pop,total,0.1600915188452291,
ssi,WA,part_rate,pop,total,0.17018206218369952,
ssi,WI,part_rate,pop,total,0.17912103756800177,
ssi,WV,part_rate,pop,total,0.2547701073670268,
ssi,WY,part_rate,pop,total,0.1169054005102422,
ssi,US,part_gap,pop,total,27776212.82144835,
ssi,AK,part_gap,pop,total,29860.184512851614,
ssi,AL,part_gap,pop,total,548039.5035782319,
ssi,AR,part_gap,pop,total,300556.700197371,
ssi,AZ,part_gap,pop,total,688703.4471318333,
ssi,CA,part_gap,pop,total,3064495.5060435855,
ssi,CO,part_gap,pop,total,436437.3842056221,
ssi,CT,part_gap,pop,total,262045.6429965907,
ssi,DC,part_gap,pop,total,32532.955960705505,
ssi,DE,part_gap,pop,total,107672.72446353201,
ssi,FL,part_gap,pop,total,2141145.8265314605,
ssi,GA,part_gap,pop,total,930518.5758069728,
ssi,HI,part_gap,pop,total,138908.80584036617,
ssi,IA,part_gap,pop,total,221693.24861288868,
ssi,ID,part_gap,pop,total,141114.2031398481,
ssi,IL,part_gap,pop,total,1019223.2907213601,
ssi,IN,part_gap,pop,total,423858.2471624749,
ssi,KS,part_gap,pop,total,260795.24161482963,
ssi,KY,part_gap,pop,total,403791.3729155209,
ssi,LA,part_gap,pop,total,373549.37839019677,
ssi,MA,part_gap,pop,total,590210.4587015255,
ssi,MD,part_gap,pop,total,420965.30346112745,
ssi,ME,part_gap,pop,total,141262.67337605875,
ssi,MI,part_gap,pop,total,890716.8074835225,
ssi,MN,part_gap,pop,total,421628.07610074733,
ssi,MO,part_gap,pop,total,558579.2468488549,
ssi,MS,part_gap,pop,total,225480.42905440065,
ssi,MT,part_gap,pop,total,82068.35328585375,
ssi,NC,part_gap,pop,total,1221140.061818977,
ssi,ND,part_gap,pop,total,48398.25731630731,
ssi,NE,part_gap,pop,total,147354.849352273,
ssi,NH,part_gap,pop,total,124948.84705998233,
ssi,NJ,part_gap,pop,total,565110.8347130069,
ssi,NM,part_gap,pop,total,233853.43139057848,
ssi,NV,part_gap,pop,total,321814.23395316035,
ssi,NY,part_gap,pop,total,1707619.7124052965,
ssi,OH,part_gap,pop,total,1054455.749435927,
ssi,OK,part_gap,pop,total,448031.77380236017,
ssi,OR,part_gap,pop,total,407469.1141801269,
ssi,PA,part_gap,pop,total,1383059.619604303,
ssi,RI,part_gap,pop,total,90791.55862553659,
ssi,SC,part_gap,pop,total,533614.1054340353,
ssi,SD,part_gap,pop,total,64678.96428723325,
ssi,TN,part_gap,pop,total,503375.59517821507,
ssi,TX,part_gap,pop,total,1908328.635159928,
ssi,UT,part_gap,pop,total,258352.95812560047,
ssi,VA,part_gap,pop,total,648512.8565081137,
ssi,VT,part_gap,pop,total,41900.290542177885,
ssi,WA,part_gap,pop,total,553220.5956793557,
ssi,WI,part_gap,pop,total,423584.2627514063,
ssi,WV,part_gap,pop,total,188359.54152064765,
ssi,WY,part_gap,pop,total,42383.38446546153,
tanf,US,elig_pop,pop,total,168935465.62309366,persons in DEMOGRAPHIC-tanf-eligible units — no income-tested national variable; Urban denom is full eligibility
tanf,AK,elig_pop,pop,total,406579.8571209548,persons in DEMOGRAPHIC-tanf-eligible units — no income-tested national variable; Urban denom is full eligibility
tanf,AL,elig_pop,pop,total,2590546.936681012,persons in DEMOGRAPHIC-tanf-eligible units — no income-tested national variable; Urban denom is full eligibility
tanf,AR,elig_pop,pop,total,1576758.266657805,persons in DEMOGRAPHIC-tanf-eligible units — no income-tested national variable; Urban denom is full eligibility
tanf,AZ,elig_pop,pop,total,3827583.418752322,persons in DEMOGRAPHIC-tanf-eligible units — no income-tested national variable; Urban denom is full eligibility
tanf,CA,elig_pop,pop,total,20248847.68627627,persons in DEMOGRAPHIC-tanf-eligible units — no income-tested national variable; Urban denom is full eligibility
tanf,CO,elig_pop,pop,total,2840952.4681848874,persons in DEMOGRAPHIC-tanf-eligible units — no income-tested national variable; Urban denom is full eligibility
tanf,CT,elig_pop,pop,total,1976901.178988358,persons in DEMOGRAPHIC-tanf-eligible units — no income-tested national variable; Urban denom is full eligibility
tanf,DC,elig_pop,pop,total,297310.3519527887,persons in DEMOGRAPHIC-tanf-eligible units — no income-tested national variable; Urban denom is full eligibility
tanf,DE,elig_pop,pop,total,528416.2058336866,persons in DEMOGRAPHIC-tanf-eligible units — no income-tested national variable; Urban denom is full eligibility
tanf,FL,elig_pop,pop,total,10228030.311942864,persons in DEMOGRAPHIC-tanf-eligible units — no income-tested national variable; Urban denom is full eligibility
tanf,GA,elig_pop,pop,total,5714875.478811157,persons in DEMOGRAPHIC-tanf-eligible units — no income-tested national variable; Urban denom is full eligibility
tanf,HI,elig_pop,pop,total,769992.6326553135,persons in DEMOGRAPHIC-tanf-eligible units — no income-tested national variable; Urban denom is full eligibility
tanf,IA,elig_pop,pop,total,1624943.5240129514,persons in DEMOGRAPHIC-tanf-eligible units — no income-tested national variable; Urban denom is full eligibility
tanf,ID,elig_pop,pop,total,1112104.0873986403,persons in DEMOGRAPHIC-tanf-eligible units — no income-tested national variable; Urban denom is full eligibility
tanf,IL,elig_pop,pop,total,6197289.43544897,persons in DEMOGRAPHIC-tanf-eligible units — no income-tested national variable; Urban denom is full eligibility
tanf,IN,elig_pop,pop,total,3662898.3122964883,persons in DEMOGRAPHIC-tanf-eligible units — no income-tested national variable; Urban denom is full eligibility
tanf,KS,elig_pop,pop,total,1526852.2268649018,persons in DEMOGRAPHIC-tanf-eligible units — no income-tested national variable; Urban denom is full eligibility
tanf,KY,elig_pop,pop,total,2251730.529971498,persons in DEMOGRAPHIC-tanf-eligible units — no income-tested national variable; Urban denom is full eligibility
tanf,LA,elig_pop,pop,total,2380906.6194139235,persons in DEMOGRAPHIC-tanf-eligible units — no income-tested national variable; Urban denom is full eligibility
tanf,MA,elig_pop,pop,total,3316303.3394975266,persons in DEMOGRAPHIC-tanf-eligible units — no income-tested national variable; Urban denom is full eligibility
tanf,MD,elig_pop,pop,total,3227860.705223432,persons in DEMOGRAPHIC-tanf-eligible units — no income-tested national variable; Urban denom is full eligibility
tanf,ME,elig_pop,pop,total,589469.491644449,persons in DEMOGRAPHIC-tanf-eligible units — no income-tested national variable; Urban denom is full eligibility
tanf,MI,elig_pop,pop,total,4588377.198756017,persons in DEMOGRAPHIC-tanf-eligible units — no income-tested national variable; Urban denom is full eligibility
tanf,MN,elig_pop,pop,total,2740189.456541102,persons in DEMOGRAPHIC-tanf-eligible units — no income-tested national variable; Urban denom is full eligibility
tanf,MO,elig_pop,pop,total,3043953.524079659,persons in DEMOGRAPHIC-tanf-eligible units — no income-tested national variable; Urban denom is full eligibility
tanf,MS,elig_pop,pop,total,1617031.314325579,persons in DEMOGRAPHIC-tanf-eligible units — no income-tested national variable; Urban denom is full eligibility
tanf,MT,elig_pop,pop,total,512378.68541328213,persons in DEMOGRAPHIC-tanf-eligible units — no income-tested national variable; Urban denom is full eligibility
tanf,NC,elig_pop,pop,total,5163927.458208624,persons in DEMOGRAPHIC-tanf-eligible units — no income-tested national variable; Urban denom is full eligibility
tanf,ND,elig_pop,pop,total,406932.05942011264,persons in DEMOGRAPHIC-tanf-eligible units — no income-tested national variable; Urban denom is full eligibility
tanf,NE,elig_pop,pop,total,1127512.775864279,persons in DEMOGRAPHIC-tanf-eligible units — no income-tested national variable; Urban denom is full eligibility
tanf,NH,elig_pop,pop,total,624381.1473618979,persons in DEMOGRAPHIC-tanf-eligible units — no income-tested national variable; Urban denom is full eligibility
tanf,NJ,elig_pop,pop,total,4848558.0258809645,persons in DEMOGRAPHIC-tanf-eligible units — no income-tested national variable; Urban denom is full eligibility
tanf,NM,elig_pop,pop,total,1029913.9658449225,persons in DEMOGRAPHIC-tanf-eligible units — no income-tested national variable; Urban denom is full eligibility
tanf,NV,elig_pop,pop,total,1575445.65207071,persons in DEMOGRAPHIC-tanf-eligible units — no income-tested national variable; Urban denom is full eligibility
tanf,NY,elig_pop,pop,total,9634257.801897306,persons in DEMOGRAPHIC-tanf-eligible units — no income-tested national variable; Urban denom is full eligibility
tanf,OH,elig_pop,pop,total,5636469.978183484,persons in DEMOGRAPHIC-tanf-eligible units — no income-tested national variable; Urban denom is full eligibility
tanf,OK,elig_pop,pop,total,2009952.5241477154,persons in DEMOGRAPHIC-tanf-eligible units — no income-tested national variable; Urban denom is full eligibility
tanf,OR,elig_pop,pop,total,1910351.4716072886,persons in DEMOGRAPHIC-tanf-eligible units — no income-tested national variable; Urban denom is full eligibility
tanf,PA,elig_pop,pop,total,6088245.5658227755,persons in DEMOGRAPHIC-tanf-eligible units — no income-tested national variable; Urban denom is full eligibility
tanf,RI,elig_pop,pop,total,529239.7566898272,persons in DEMOGRAPHIC-tanf-eligible units — no income-tested national variable; Urban denom is full eligibility
tanf,SC,elig_pop,pop,total,2685321.2772381282,persons in DEMOGRAPHIC-tanf-eligible units — no income-tested national variable; Urban denom is full eligibility
tanf,SD,elig_pop,pop,total,498931.31564158975,persons in DEMOGRAPHIC-tanf-eligible units — no income-tested national variable; Urban denom is full eligibility
tanf,TN,elig_pop,pop,total,3683069.8062721314,persons in DEMOGRAPHIC-tanf-eligible units — no income-tested national variable; Urban denom is full eligibility
tanf,TX,elig_pop,pop,total,17883701.34091797,persons in DEMOGRAPHIC-tanf-eligible units — no income-tested national variable; Urban denom is full eligibility
tanf,UT,elig_pop,pop,total,2031654.7387390458,persons in DEMOGRAPHIC-tanf-eligible units — no income-tested national variable; Urban denom is full eligibility
tanf,VA,elig_pop,pop,total,4356563.331007937,persons in DEMOGRAPHIC-tanf-eligible units — no income-tested national variable; Urban denom is full eligibility
tanf,VT,elig_pop,pop,total,295401.09386364045,persons in DEMOGRAPHIC-tanf-eligible units — no income-tested national variable; Urban denom is full eligibility
tanf,WA,elig_pop,pop,total,3696878.284472071,persons in DEMOGRAPHIC-tanf-eligible units — no income-tested national variable; Urban denom is full eligibility
tanf,WI,elig_pop,pop,total,2695110.3509328347,persons in DEMOGRAPHIC-tanf-eligible units — no income-tested national variable; Urban denom is full eligibility
tanf,WV,elig_pop,pop,total,821134.6015679967,persons in DEMOGRAPHIC-tanf-eligible units — no income-tested national variable; Urban denom is full eligibility
tanf,WY,elig_pop,pop,total,303428.0546945939,persons in DEMOGRAPHIC-tanf-eligible units — no income-tested national variable; Urban denom is full eligibility
tanf,US,part_pop,pop,total,3469582.981445154,persons in units with tanf>0 (excl SSF unknown)
tanf,AK,part_pop,pop,total,4989.79163714149,persons in units with tanf>0 (excl SSF unknown)
tanf,AL,part_pop,pop,total,15421.0224609375,persons in units with tanf>0 (excl SSF unknown)
tanf,AR,part_pop,pop,total,31867.57999831438,persons in units with tanf>0 (excl SSF unknown)
tanf,AZ,part_pop,pop,total,0.043364375829696655,persons in units with tanf>0 (excl SSF unknown)
tanf,CA,part_pop,pop,total,525418.0610351562,persons in units with tanf>0 (excl SSF unknown)
tanf,CO,part_pop,pop,total,83280.48795723915,persons in units with tanf>0 (excl SSF unknown)
tanf,CT,part_pop,pop,total,0.2724143359810114,persons in units with tanf>0 (excl SSF unknown)
tanf,DC,part_pop,pop,total,3628.71826171875,persons in units with tanf>0 (excl SSF unknown)
tanf,DE,part_pop,pop,total,0.0,persons in units with tanf>0 (excl SSF unknown)
tanf,FL,part_pop,pop,total,0.04505843669176102,persons in units with tanf>0 (excl SSF unknown)
tanf,GA,part_pop,pop,total,21.146757719805464,persons in units with tanf>0 (excl SSF unknown)
tanf,HI,part_pop,pop,total,15439.731862810266,persons in units with tanf>0 (excl SSF unknown)
tanf,IA,part_pop,pop,total,1.0348832607269287,persons in units with tanf>0 (excl SSF unknown)
tanf,ID,part_pop,pop,total,0.0,persons in units with tanf>0 (excl SSF unknown)
tanf,IL,part_pop,pop,total,30406.333456438035,persons in units with tanf>0 (excl SSF unknown)
tanf,IN,part_pop,pop,total,0.0,persons in units with tanf>0 (excl SSF unknown)
tanf,KS,part_pop,pop,total,11739.02087956213,persons in units with tanf>0 (excl SSF unknown)
tanf,KY,part_pop,pop,total,0.0,persons in units with tanf>0 (excl SSF unknown)
tanf,LA,part_pop,pop,total,118260.11972870817,persons in units with tanf>0 (excl SSF unknown)
tanf,MA,part_pop,pop,total,128652.68212890625,persons in units with tanf>0 (excl SSF unknown)
tanf,MD,part_pop,pop,total,102890.25848329626,persons in units with tanf>0 (excl SSF unknown)
tanf,ME,part_pop,pop,total,18551.64045676915,persons in units with tanf>0 (excl SSF unknown)
tanf,MI,part_pop,pop,total,22371.11572265625,persons in units with tanf>0 (excl SSF unknown)
tanf,MN,part_pop,pop,total,117944.26086439332,persons in units with tanf>0 (excl SSF unknown)
tanf,MO,part_pop,pop,total,6660.253479003906,persons in units with tanf>0 (excl SSF unknown)
tanf,MS,part_pop,pop,total,0.0,persons in units with tanf>0 (excl SSF unknown)
tanf,MT,part_pop,pop,total,0.0,persons in units with tanf>0 (excl SSF unknown)
tanf,NC,part_pop,pop,total,15504.82177734375,persons in units with tanf>0 (excl SSF unknown)
tanf,ND,part_pop,pop,total,3590.5161070000613,persons in units with tanf>0 (excl SSF unknown)
tanf,NE,part_pop,pop,total,0.0,persons in units with tanf>0 (excl SSF unknown)
tanf,NH,part_pop,pop,total,17169.483642578125,persons in units with tanf>0 (excl SSF unknown)
tanf,NJ,part_pop,pop,total,44963.953125,persons in units with tanf>0 (excl SSF unknown)
tanf,NM,part_pop,pop,total,81922.10476861638,persons in units with tanf>0 (excl SSF unknown)
tanf,NV,part_pop,pop,total,22128.526730418205,persons in units with tanf>0 (excl SSF unknown)
tanf,NY,part_pop,pop,total,1367061.7823377568,persons in units with tanf>0 (excl SSF unknown)
tanf,OH,part_pop,pop,total,136089.3757161018,persons in units with tanf>0 (excl SSF unknown)
tanf,OK,part_pop,pop,total,0.0,persons in units with tanf>0 (excl SSF unknown)
tanf,OR,part_pop,pop,total,0.0,persons in units with tanf>0 (excl SSF unknown)
tanf,PA,part_pop,pop,total,24654.37920837733,persons in units with tanf>0 (excl SSF unknown)
tanf,RI,part_pop,pop,total,17635.659990939283,persons in units with tanf>0 (excl SSF unknown)
tanf,SC,part_pop,pop,total,49597.91201572254,persons in units with tanf>0 (excl SSF unknown)
tanf,SD,part_pop,pop,total,3341.9430356137455,persons in units with tanf>0 (excl SSF unknown)
tanf,TN,part_pop,pop,total,120797.57574956492,persons in units with tanf>0 (excl SSF unknown)
tanf,TX,part_pop,pop,total,0.0,persons in units with tanf>0 (excl SSF unknown)
tanf,UT,part_pop,pop,total,8721.0537109375,persons in units with tanf>0 (excl SSF unknown)
tanf,VA,part_pop,pop,total,143029.56689453125,persons in units with tanf>0 (excl SSF unknown)
tanf,VT,part_pop,pop,total,6392.2783203125,persons in units with tanf>0 (excl SSF unknown)
tanf,WA,part_pop,pop,total,136712.8046506727,persons in units with tanf>0 (excl SSF unknown)
tanf,WI,part_pop,pop,total,16085.685064928723,persons in units with tanf>0 (excl SSF unknown)
tanf,WV,part_pop,pop,total,11412.91748046875,persons in units with tanf>0 (excl SSF unknown)
tanf,WY,part_pop,pop,total,5227.020227089524,persons in units with tanf>0 (excl SSF unknown)
tanf,US,part_rate,pop,total,0.020537919427682676,
tanf,AK,part_rate,pop,total,0.012272599219437132,
tanf,AL,part_rate,pop,total,0.0059528056575939865,
tanf,AR,part_rate,pop,total,0.02021082157752874,
tanf,AZ,part_rate,pop,total,1.1329439775823919e-08,
tanf,CA,part_rate,pop,total,0.02594804747290683,
tanf,CO,part_rate,pop,total,0.029314284166974423,
tanf,CT,part_rate,pop,total,1.3779866129697707e-07,
tanf,DC,part_rate,pop,total,0.012205152756655345,
tanf,DE,part_rate,pop,total,0.0,
tanf,FL,part_rate,pop,total,4.405387481023406e-09,
tanf,GA,part_rate,pop,total,3.7003006974011165e-06,
tanf,HI,part_rate,pop,total,0.020051791676975496,
tanf,IA,part_rate,pop,total,6.368733715564383e-07,
tanf,ID,part_rate,pop,total,0.0,
tanf,IL,part_rate,pop,total,0.004906392346710722,
tanf,IN,part_rate,pop,total,0.0,
tanf,KS,part_rate,pop,total,0.007688380494860303,
tanf,KY,part_rate,pop,total,0.0,
tanf,LA,part_rate,pop,total,0.04967020493975472,
tanf,MA,part_rate,pop,total,0.03879400312891739,
tanf,MD,part_rate,pop,total,0.03187568110259399,
tanf,ME,part_rate,pop,total,0.031471756757106215,
tanf,MI,part_rate,pop,total,0.004875605198439531,
tanf,MN,part_rate,pop,total,0.043042374527370274,
tanf,MO,part_rate,pop,total,0.0021880273224663105,
tanf,MS,part_rate,pop,total,0.0,
tanf,MT,part_rate,pop,total,0.0,
tanf,NC,part_rate,pop,total,0.003002525094092317,
tanf,ND,part_rate,pop,total,0.008823379785108668,
tanf,NE,part_rate,pop,total,0.0,
tanf,NH,part_rate,pop,total,0.027498401761683097,
tanf,NJ,part_rate,pop,total,0.00927367536595176,
tanf,NM,part_rate,pop,total,0.07954266811151453,
tanf,NV,part_rate,pop,total,0.01404588390677473,
tanf,NY,part_rate,pop,total,0.14189591045285677,
tanf,OH,part_rate,pop,total,0.024144433704579145,
tanf,OK,part_rate,pop,total,0.0,
tanf,OR,part_rate,pop,total,0.0,
tanf,PA,part_rate,pop,total,0.004049504728714979,
tanf,RI,part_rate,pop,total,0.03332262886152571,
tanf,SC,part_rate,pop,total,0.018470010436417626,
tanf,SD,part_rate,pop,total,0.006698202599923493,
tanf,TN,part_rate,pop,total,0.03279806848728502,
tanf,TX,part_rate,pop,total,0.0,
tanf,UT,part_rate,pop,total,0.004292586503329919,
tanf,VA,part_rate,pop,total,0.03283082467240063,
tanf,VT,part_rate,pop,total,0.021639318381343666,
tanf,WA,part_rate,pop,total,0.0369806074560001,
tanf,WI,part_rate,pop,total,0.005968469921597506,
tanf,WV,part_rate,pop,total,0.013898960607280738,
tanf,WY,part_rate,pop,total,0.017226555508687617,
wic,US,elig_pop,pop,total,9367299.26537823,children 0-4 WIC-eligible (PE covers pregnant/postpartum women too; excluded here)
wic,AK,elig_pop,pop,total,25469.123654726325,children 0-4 WIC-eligible (PE covers pregnant/postpartum women too; excluded here)
wic,AL,elig_pop,pop,total,144988.12292650348,children 0-4 WIC-eligible (PE covers pregnant/postpartum women too; excluded here)
wic,AR,elig_pop,pop,total,97273.56358500401,children 0-4 WIC-eligible (PE covers pregnant/postpartum women too; excluded here)
wic,AZ,elig_pop,pop,total,237625.03665540827,children 0-4 WIC-eligible (PE covers pregnant/postpartum women too; excluded here)
wic,CA,elig_pop,pop,total,926727.4476610369,children 0-4 WIC-eligible (PE covers pregnant/postpartum women too; excluded here)
wic,CO,elig_pop,pop,total,143095.09441529866,children 0-4 WIC-eligible (PE covers pregnant/postpartum women too; excluded here)
wic,CT,elig_pop,pop,total,65165.13382827584,children 0-4 WIC-eligible (PE covers pregnant/postpartum women too; excluded here)
wic,DC,elig_pop,pop,total,34660.70421574201,children 0-4 WIC-eligible (PE covers pregnant/postpartum women too; excluded here)
wic,DE,elig_pop,pop,total,17046.33421163849,children 0-4 WIC-eligible (PE covers pregnant/postpartum women too; excluded here)
wic,FL,elig_pop,pop,total,715698.8580937356,children 0-4 WIC-eligible (PE covers pregnant/postpartum women too; excluded here)
wic,GA,elig_pop,pop,total,363529.2186602438,children 0-4 WIC-eligible (PE covers pregnant/postpartum women too; excluded here)
wic,HI,elig_pop,pop,total,46364.40302226908,children 0-4 WIC-eligible (PE covers pregnant/postpartum women too; excluded here)
wic,IA,elig_pop,pop,total,84624.01067856912,children 0-4 WIC-eligible (PE covers pregnant/postpartum women too; excluded here)
wic,ID,elig_pop,pop,total,46017.65537651519,children 0-4 WIC-eligible (PE covers pregnant/postpartum women too; excluded here)
wic,IL,elig_pop,pop,total,380814.2577616051,children 0-4 WIC-eligible (PE covers pregnant/postpartum women too; excluded here)
wic,IN,elig_pop,pop,total,139502.78928679827,children 0-4 WIC-eligible (PE covers pregnant/postpartum women too; excluded here)
wic,KS,elig_pop,pop,total,101924.40181880922,children 0-4 WIC-eligible (PE covers pregnant/postpartum women too; excluded here)
wic,KY,elig_pop,pop,total,179567.54124264658,children 0-4 WIC-eligible (PE covers pregnant/postpartum women too; excluded here)
wic,LA,elig_pop,pop,total,124714.0590665391,children 0-4 WIC-eligible (PE covers pregnant/postpartum women too; excluded here)
wic,MA,elig_pop,pop,total,139509.5570837927,children 0-4 WIC-eligible (PE covers pregnant/postpartum women too; excluded here)
wic,MD,elig_pop,pop,total,227127.542947057,children 0-4 WIC-eligible (PE covers pregnant/postpartum women too; excluded here)
wic,ME,elig_pop,pop,total,49983.39557943778,children 0-4 WIC-eligible (PE covers pregnant/postpartum women too; excluded here)
wic,MI,elig_pop,pop,total,313324.54869145347,children 0-4 WIC-eligible (PE covers pregnant/postpartum women too; excluded here)
wic,MN,elig_pop,pop,total,268005.2743345941,children 0-4 WIC-eligible (PE covers pregnant/postpartum women too; excluded here)
wic,MO,elig_pop,pop,total,156725.7176855012,children 0-4 WIC-eligible (PE covers pregnant/postpartum women too; excluded here)
wic,MS,elig_pop,pop,total,99630.95345670343,children 0-4 WIC-eligible (PE covers pregnant/postpartum women too; excluded here)
wic,MT,elig_pop,pop,total,20319.266516739794,children 0-4 WIC-eligible (PE covers pregnant/postpartum women too; excluded here)
wic,NC,elig_pop,pop,total,325040.48400682077,children 0-4 WIC-eligible (PE covers pregnant/postpartum women too; excluded here)
wic,ND,elig_pop,pop,total,22023.543038936274,children 0-4 WIC-eligible (PE covers pregnant/postpartum women too; excluded here)
wic,NE,elig_pop,pop,total,45005.00411726168,children 0-4 WIC-eligible (PE covers pregnant/postpartum women too; excluded here)
wic,NH,elig_pop,pop,total,34648.36076711338,children 0-4 WIC-eligible (PE covers pregnant/postpartum women too; excluded here)
wic,NJ,elig_pop,pop,total,196440.558862128,children 0-4 WIC-eligible (PE covers pregnant/postpartum women too; excluded here)
wic,NM,elig_pop,pop,total,86525.37744878019,children 0-4 WIC-eligible (PE covers pregnant/postpartum women too; excluded here)
wic,NV,elig_pop,pop,total,66634.36419184363,children 0-4 WIC-eligible (PE covers pregnant/postpartum women too; excluded here)
wic,NY,elig_pop,pop,total,398041.09707351733,children 0-4 WIC-eligible (PE covers pregnant/postpartum women too; excluded here)
wic,OH,elig_pop,pop,total,395693.4838354688,children 0-4 WIC-eligible (PE covers pregnant/postpartum women too; excluded here)
wic,OK,elig_pop,pop,total,154068.59451482404,children 0-4 WIC-eligible (PE covers pregnant/postpartum women too; excluded here)
wic,OR,elig_pop,pop,total,93179.53962678718,children 0-4 WIC-eligible (PE covers pregnant/postpartum women too; excluded here)
wic,PA,elig_pop,pop,total,300930.5211081039,children 0-4 WIC-eligible (PE covers pregnant/postpartum women too; excluded here)
wic,RI,elig_pop,pop,total,35110.31500247728,children 0-4 WIC-eligible (PE covers pregnant/postpartum women too; excluded here)
wic,SC,elig_pop,pop,total,174075.05824836934,children 0-4 WIC-eligible (PE covers pregnant/postpartum women too; excluded here)
wic,SD,elig_pop,pop,total,24002.054317864357,children 0-4 WIC-eligible (PE covers pregnant/postpartum women too; excluded here)
wic,TN,elig_pop,pop,total,205483.22429943865,children 0-4 WIC-eligible (PE covers pregnant/postpartum women too; excluded here)
wic,TX,elig_pop,pop,total,833650.4815113764,children 0-4 WIC-eligible (PE covers pregnant/postpartum women too; excluded here)
wic,UT,elig_pop,pop,total,78350.13563327983,children 0-4 WIC-eligible (PE covers pregnant/postpartum women too; excluded here)
wic,VA,elig_pop,pop,total,286645.01502392266,children 0-4 WIC-eligible (PE covers pregnant/postpartum women too; excluded here)
wic,VT,elig_pop,pop,total,19698.14869217835,children 0-4 WIC-eligible (PE covers pregnant/postpartum women too; excluded here)
wic,WA,elig_pop,pop,total,256425.73529235518,children 0-4 WIC-eligible (PE covers pregnant/postpartum women too; excluded here)
wic,WI,elig_pop,pop,total,131967.08892959845,children 0-4 WIC-eligible (PE covers pregnant/postpartum women too; excluded here)
wic,WV,elig_pop,pop,total,42730.16131253794,children 0-4 WIC-eligible (PE covers pregnant/postpartum women too; excluded here)
wic,WY,elig_pop,pop,total,11496.906066600844,children 0-4 WIC-eligible (PE covers pregnant/postpartum women too; excluded here)
wic,US,part_pop,pop,total,4815945.460172694,children 0-4 with wic>0 (would_claim_wic gate)
wic,AK,part_pop,pop,total,11273.737247120196,children 0-4 with wic>0 (would_claim_wic gate)
wic,AL,part_pop,pop,total,66241.08612778224,children 0-4 with wic>0 (would_claim_wic gate)
wic,AR,part_pop,pop,total,59118.495162753854,children 0-4 with wic>0 (would_claim_wic gate)
wic,AZ,part_pop,pop,total,146647.88251554978,children 0-4 with wic>0 (would_claim_wic gate)
wic,CA,part_pop,pop,total,451149.4848790483,children 0-4 with wic>0 (would_claim_wic gate)
wic,CO,part_pop,pop,total,71932.54480718984,children 0-4 with wic>0 (would_claim_wic gate)
wic,CT,part_pop,pop,total,50541.088006138336,children 0-4 with wic>0 (would_claim_wic gate)
wic,DC,part_pop,pop,total,15918.401804122681,children 0-4 with wic>0 (would_claim_wic gate)
wic,DE,part_pop,pop,total,13678.011010474933,children 0-4 with wic>0 (would_claim_wic gate)
wic,FL,part_pop,pop,total,365292.63856199407,children 0-4 with wic>0 (would_claim_wic gate)
wic,GA,part_pop,pop,total,139706.2151027753,children 0-4 with wic>0 (would_claim_wic gate)
wic,HI,part_pop,pop,total,25474.675697676634,children 0-4 with wic>0 (would_claim_wic gate)
wic,IA,part_pop,pop,total,56734.60199785067,children 0-4 with wic>0 (would_claim_wic gate)
wic,ID,part_pop,pop,total,21688.04504150155,children 0-4 with wic>0 (would_claim_wic gate)
wic,IL,part_pop,pop,total,229892.41594521096,children 0-4 with wic>0 (would_claim_wic gate)
wic,IN,part_pop,pop,total,65701.44387939217,children 0-4 with wic>0 (would_claim_wic gate)
wic,KS,part_pop,pop,total,56962.44787567074,children 0-4 with wic>0 (would_claim_wic gate)
wic,KY,part_pop,pop,total,69445.67708041711,children 0-4 with wic>0 (would_claim_wic gate)
wic,LA,part_pop,pop,total,55594.16724645713,children 0-4 with wic>0 (would_claim_wic gate)
wic,MA,part_pop,pop,total,77784.64188021113,children 0-4 with wic>0 (would_claim_wic gate)
wic,MD,part_pop,pop,total,107598.93253515568,children 0-4 with wic>0 (would_claim_wic gate)
wic,ME,part_pop,pop,total,30915.276661474665,children 0-4 with wic>0 (would_claim_wic gate)
wic,MI,part_pop,pop,total,182410.53197542345,children 0-4 with wic>0 (would_claim_wic gate)
wic,MN,part_pop,pop,total,132818.20379350486,children 0-4 with wic>0 (would_claim_wic gate)
wic,MO,part_pop,pop,total,59984.73812651599,children 0-4 with wic>0 (would_claim_wic gate)
wic,MS,part_pop,pop,total,63561.31472749842,children 0-4 with wic>0 (would_claim_wic gate)
wic,MT,part_pop,pop,total,9109.700182310422,children 0-4 with wic>0 (would_claim_wic gate)
wic,NC,part_pop,pop,total,208782.82977634564,children 0-4 with wic>0 (would_claim_wic gate)
wic,ND,part_pop,pop,total,9059.871145194455,children 0-4 with wic>0 (would_claim_wic gate)
wic,NE,part_pop,pop,total,25467.279298183625,children 0-4 with wic>0 (would_claim_wic gate)
wic,NH,part_pop,pop,total,24997.359995125254,children 0-4 with wic>0 (would_claim_wic gate)
wic,NJ,part_pop,pop,total,102223.1908330667,children 0-4 with wic>0 (would_claim_wic gate)
wic,NM,part_pop,pop,total,41592.0642905843,children 0-4 with wic>0 (would_claim_wic gate)
wic,NV,part_pop,pop,total,49335.58700067055,children 0-4 with wic>0 (would_claim_wic gate)
wic,NY,part_pop,pop,total,187774.75636935682,children 0-4 with wic>0 (would_claim_wic gate)
wic,OH,part_pop,pop,total,234755.3662783319,children 0-4 with wic>0 (would_claim_wic gate)
wic,OK,part_pop,pop,total,81932.29696893413,children 0-4 with wic>0 (would_claim_wic gate)
wic,OR,part_pop,pop,total,67357.77536047099,children 0-4 with wic>0 (would_claim_wic gate)
wic,PA,part_pop,pop,total,132211.10240663955,children 0-4 with wic>0 (would_claim_wic gate)
wic,RI,part_pop,pop,total,19440.5436647115,children 0-4 with wic>0 (would_claim_wic gate)
wic,SC,part_pop,pop,total,73197.48618856102,children 0-4 with wic>0 (would_claim_wic gate)
wic,SD,part_pop,pop,total,18695.21846255235,children 0-4 with wic>0 (would_claim_wic gate)
wic,TN,part_pop,pop,total,89173.48191751633,children 0-4 with wic>0 (would_claim_wic gate)
wic,TX,part_pop,pop,total,400803.0110275346,children 0-4 with wic>0 (would_claim_wic gate)
wic,UT,part_pop,pop,total,46826.05185491944,children 0-4 with wic>0 (would_claim_wic gate)
wic,VA,part_pop,pop,total,127192.92906122899,children 0-4 with wic>0 (would_claim_wic gate)
wic,VT,part_pop,pop,total,9126.63494705499,children 0-4 with wic>0 (would_claim_wic gate)
wic,WA,part_pop,pop,total,115755.65370434662,children 0-4 with wic>0 (would_claim_wic gate)
wic,WI,part_pop,pop,total,84697.34941656771,children 0-4 with wic>0 (would_claim_wic gate)
wic,WV,part_pop,pop,total,19432.332197972457,children 0-4 with wic>0 (would_claim_wic gate)
wic,WY,part_pop,pop,total,8938.888135603076,children 0-4 with wic>0 (would_claim_wic gate)
wic,US,part_rate,pop,total,0.5141231558569446,
wic,AK,part_rate,pop,total,0.44264331195502754,
wic,AL,part_rate,pop,total,0.45687249955888304,
wic,AR,part_rate,pop,total,0.6077550054089695,
wic,AZ,part_rate,pop,total,0.61713986278395,
wic,CA,part_rate,pop,total,0.4868200310864887,
wic,CO,part_rate,pop,total,0.502690501733226,
wic,CT,part_rate,pop,total,0.7755848110329212,
wic,DC,part_rate,pop,total,0.45926365791762963,
wic,DE,part_rate,pop,total,0.8024019029930897,
wic,FL,part_rate,pop,total,0.5103999181093445,
wic,GA,part_rate,pop,total,0.38430532659149313,
wic,HI,part_rate,pop,total,0.5494447040640426,
wic,IA,part_rate,pop,total,0.6704314950676121,
wic,ID,part_rate,pop,total,0.47129834981922836,
wic,IL,part_rate,pop,total,0.6036864724984292,
wic,IN,part_rate,pop,total,0.470968675359739,
wic,KS,part_rate,pop,total,0.5588695823492078,
wic,KY,part_rate,pop,total,0.3867384751154795,
wic,LA,part_rate,pop,total,0.445773056081799,
wic,MA,part_rate,pop,total,0.5575578011009802,
wic,MD,part_rate,pop,total,0.47373793217248333,
wic,ME,part_rate,pop,total,0.6185109335427508,
wic,MI,part_rate,pop,total,0.5821775942460619,
wic,MN,part_rate,pop,total,0.49558055946199975,
wic,MO,part_rate,pop,total,0.38273704540875886,
wic,MS,part_rate,pop,total,0.6379675444451129,
wic,MT,part_rate,pop,total,0.4483281999773713,
wic,NC,part_rate,pop,total,0.6423286945756715,
wic,ND,part_rate,pop,total,0.4113720998105145,
wic,NE,part_rate,pop,total,0.5658766130057001,
wic,NH,part_rate,pop,total,0.7214586618727311,
wic,NJ,part_rate,pop,total,0.520377214487626,
wic,NM,part_rate,pop,total,0.4806920873035805,
wic,NV,part_rate,pop,total,0.7403925526869433,
wic,NY,part_rate,pop,total,0.47174715814501744,
wic,OH,part_rate,pop,total,0.593275795200975,
wic,OK,part_rate,pop,total,0.5317910326043173,
wic,OR,part_rate,pop,total,0.7228816071667629,
wic,PA,part_rate,pop,total,0.43934095458248673,
wic,RI,part_rate,pop,total,0.5536989247558682,
wic,SC,part_rate,pop,total,0.42049381987925716,
wic,SD,part_rate,pop,total,0.7789007646998695,
wic,TN,part_rate,pop,total,0.4339696450721887,
wic,TX,part_rate,pop,total,0.48078063878868527,
wic,UT,part_rate,pop,total,0.5976511907278653,
wic,VA,part_rate,pop,total,0.44372977862745594,
wic,VT,part_rate,pop,total,0.4633245027071479,
wic,WA,part_rate,pop,total,0.45141979829899564,
wic,WI,part_rate,pop,total,0.6418066057496493,
wic,WV,part_rate,pop,total,0.4547685194970373,
wic,WY,part_rate,pop,total,0.7775037983106643,
wic,US,part_gap,pop,total,4551353.805205535,
wic,AK,part_gap,pop,total,14195.386407606129,
wic,AL,part_gap,pop,total,78747.03679872124,
wic,AR,part_gap,pop,total,38155.06842225016,
wic,AZ,part_gap,pop,total,90977.1541398585,
wic,CA,part_gap,pop,total,475577.96278198855,
wic,CO,part_gap,pop,total,71162.54960810882,
wic,CT,part_gap,pop,total,14624.045822137501,
wic,DC,part_gap,pop,total,18742.302411619326,
wic,DE,part_gap,pop,total,3368.3232011635555,
wic,FL,part_gap,pop,total,350406.2195317416,
wic,GA,part_gap,pop,total,223823.00355746847,
wic,HI,part_gap,pop,total,20889.727324592444,
wic,IA,part_gap,pop,total,27889.40868071845,
wic,ID,part_gap,pop,total,24329.61033501364,
wic,IL,part_gap,pop,total,150921.84181639412,
wic,IN,part_gap,pop,total,73801.3454074061,
wic,KS,part_gap,pop,total,44961.95394313848,
wic,KY,part_gap,pop,total,110121.86416222947,
wic,LA,part_gap,pop,total,69119.89182008198,
wic,MA,part_gap,pop,total,61724.915203581564,
wic,MD,part_gap,pop,total,119528.61041190132,
wic,ME,part_gap,pop,total,19068.11891796312,
wic,MI,part_gap,pop,total,130914.01671603002,
wic,MN,part_gap,pop,total,135187.07054108923,
wic,MO,part_gap,pop,total,96740.97955898521,
wic,MS,part_gap,pop,total,36069.638729205006,
wic,MT,part_gap,pop,total,11209.566334429372,
wic,NC,part_gap,pop,total,116257.65423047513,
wic,ND,part_gap,pop,total,12963.671893741819,
wic,NE,part_gap,pop,total,19537.724819078052,
wic,NH,part_gap,pop,total,9651.000771988125,
wic,NJ,part_gap,pop,total,94217.3680290613,
wic,NM,part_gap,pop,total,44933.31315819589,
wic,NV,part_gap,pop,total,17298.77719117308,
wic,NY,part_gap,pop,total,210266.3407041605,
wic,OH,part_gap,pop,total,160938.11755713692,
wic,OK,part_gap,pop,total,72136.29754588992,
wic,OR,part_gap,pop,total,25821.764266316197,
wic,PA,part_gap,pop,total,168719.41870146437,
wic,RI,part_gap,pop,total,15669.771337765778,
wic,SC,part_gap,pop,total,100877.57205980833,
wic,SD,part_gap,pop,total,5306.835855312005,
wic,TN,part_gap,pop,total,116309.74238192232,
wic,TX,part_gap,pop,total,432847.47048384184,
wic,UT,part_gap,pop,total,31524.083778360393,
wic,VA,part_gap,pop,total,159452.08596269367,
wic,VT,part_gap,pop,total,10571.51374512336,
wic,WA,part_gap,pop,total,140670.08158800856,
wic,WI,part_gap,pop,total,47269.73951303074,
wic,WV,part_gap,pop,total,23297.82911456548,
wic,WY,part_gap,pop,total,2558.0179309977684,
housing,US,elig_pop_persons,pop,total,61549605.00116509,"PERSONS in eligible SPM units; PE concept = recipients OR renter <=80% AMI (Urban: households <=50% AMI) — unit + concept mismatch, annotate-only"
housing,AK,elig_pop_persons,pop,total,114709.04299320535,"PERSONS in eligible SPM units; PE concept = recipients OR renter <=80% AMI (Urban: households <=50% AMI) — unit + concept mismatch, annotate-only"
housing,AL,elig_pop_persons,pop,total,598931.9901151378,"PERSONS in eligible SPM units; PE concept = recipients OR renter <=80% AMI (Urban: households <=50% AMI) — unit + concept mismatch, annotate-only"
housing,AR,elig_pop_persons,pop,total,466667.99673097546,"PERSONS in eligible SPM units; PE concept = recipients OR renter <=80% AMI (Urban: households <=50% AMI) — unit + concept mismatch, annotate-only"
housing,AZ,elig_pop_persons,pop,total,1386264.8437427357,"PERSONS in eligible SPM units; PE concept = recipients OR renter <=80% AMI (Urban: households <=50% AMI) — unit + concept mismatch, annotate-only"
housing,CA,elig_pop_persons,pop,total,10316991.941015305,"PERSONS in eligible SPM units; PE concept = recipients OR renter <=80% AMI (Urban: households <=50% AMI) — unit + concept mismatch, annotate-only"
housing,CO,elig_pop_persons,pop,total,879850.4052052302,"PERSONS in eligible SPM units; PE concept = recipients OR renter <=80% AMI (Urban: households <=50% AMI) — unit + concept mismatch, annotate-only"
housing,CT,elig_pop_persons,pop,total,622088.9684987054,"PERSONS in eligible SPM units; PE concept = recipients OR renter <=80% AMI (Urban: households <=50% AMI) — unit + concept mismatch, annotate-only"
housing,DC,elig_pop_persons,pop,total,261590.03096710416,"PERSONS in eligible SPM units; PE concept = recipients OR renter <=80% AMI (Urban: households <=50% AMI) — unit + concept mismatch, annotate-only"
housing,DE,elig_pop_persons,pop,total,140919.33658527653,"PERSONS in eligible SPM units; PE concept = recipients OR renter <=80% AMI (Urban: households <=50% AMI) — unit + concept mismatch, annotate-only"
housing,FL,elig_pop_persons,pop,total,4477002.644922996,"PERSONS in eligible SPM units; PE concept = recipients OR renter <=80% AMI (Urban: households <=50% AMI) — unit + concept mismatch, annotate-only"
housing,GA,elig_pop_persons,pop,total,1788017.2808874645,"PERSONS in eligible SPM units; PE concept = recipients OR renter <=80% AMI (Urban: households <=50% AMI) — unit + concept mismatch, annotate-only"
housing,HI,elig_pop_persons,pop,total,258932.64953904488,"PERSONS in eligible SPM units; PE concept = recipients OR renter <=80% AMI (Urban: households <=50% AMI) — unit + concept mismatch, annotate-only"
housing,IA,elig_pop_persons,pop,total,312900.0064426112,"PERSONS in eligible SPM units; PE concept = recipients OR renter <=80% AMI (Urban: households <=50% AMI) — unit + concept mismatch, annotate-only"
housing,ID,elig_pop_persons,pop,total,253003.559444392,"PERSONS in eligible SPM units; PE concept = recipients OR renter <=80% AMI (Urban: households <=50% AMI) — unit + concept mismatch, annotate-only"
housing,IL,elig_pop_persons,pop,total,2749599.618050902,"PERSONS in eligible SPM units; PE concept = recipients OR renter <=80% AMI (Urban: households <=50% AMI) — unit + concept mismatch, annotate-only"
housing,IN,elig_pop_persons,pop,total,1060137.1952819056,"PERSONS in eligible SPM units; PE concept = recipients OR renter <=80% AMI (Urban: households <=50% AMI) — unit + concept mismatch, annotate-only"
housing,KS,elig_pop_persons,pop,total,385723.12471219664,"PERSONS in eligible SPM units; PE concept = recipients OR renter <=80% AMI (Urban: households <=50% AMI) — unit + concept mismatch, annotate-only"
housing,KY,elig_pop_persons,pop,total,594570.9383955973,"PERSONS in eligible SPM units; PE concept = recipients OR renter <=80% AMI (Urban: households <=50% AMI) — unit + concept mismatch, annotate-only"
housing,LA,elig_pop_persons,pop,total,768730.9447645536,"PERSONS in eligible SPM units; PE concept = recipients OR renter <=80% AMI (Urban: households <=50% AMI) — unit + concept mismatch, annotate-only"
housing,MA,elig_pop_persons,pop,total,1587443.3583301469,"PERSONS in eligible SPM units; PE concept = recipients OR renter <=80% AMI (Urban: households <=50% AMI) — unit + concept mismatch, annotate-only"
housing,MD,elig_pop_persons,pop,total,1225622.6231747568,"PERSONS in eligible SPM units; PE concept = recipients OR renter <=80% AMI (Urban: households <=50% AMI) — unit + concept mismatch, annotate-only"
housing,ME,elig_pop_persons,pop,total,98526.59815931227,"PERSONS in eligible SPM units; PE concept = recipients OR renter <=80% AMI (Urban: households <=50% AMI) — unit + concept mismatch, annotate-only"
housing,MI,elig_pop_persons,pop,total,1396185.5743025104,"PERSONS in eligible SPM units; PE concept = recipients OR renter <=80% AMI (Urban: households <=50% AMI) — unit + concept mismatch, annotate-only"
housing,MN,elig_pop_persons,pop,total,946078.7483347751,"PERSONS in eligible SPM units; PE concept = recipients OR renter <=80% AMI (Urban: households <=50% AMI) — unit + concept mismatch, annotate-only"
housing,MO,elig_pop_persons,pop,total,804832.0828625583,"PERSONS in eligible SPM units; PE concept = recipients OR renter <=80% AMI (Urban: households <=50% AMI) — unit + concept mismatch, annotate-only"
housing,MS,elig_pop_persons,pop,total,431199.5914915678,"PERSONS in eligible SPM units; PE concept = recipients OR renter <=80% AMI (Urban: households <=50% AMI) — unit + concept mismatch, annotate-only"
housing,MT,elig_pop_persons,pop,total,96863.50568087089,"PERSONS in eligible SPM units; PE concept = recipients OR renter <=80% AMI (Urban: households <=50% AMI) — unit + concept mismatch, annotate-only"
housing,NC,elig_pop_persons,pop,total,1379702.9303434677,"PERSONS in eligible SPM units; PE concept = recipients OR renter <=80% AMI (Urban: households <=50% AMI) — unit + concept mismatch, annotate-only"
housing,ND,elig_pop_persons,pop,total,119634.41909934193,"PERSONS in eligible SPM units; PE concept = recipients OR renter <=80% AMI (Urban: households <=50% AMI) — unit + concept mismatch, annotate-only"
housing,NE,elig_pop_persons,pop,total,225490.61034608653,"PERSONS in eligible SPM units; PE concept = recipients OR renter <=80% AMI (Urban: households <=50% AMI) — unit + concept mismatch, annotate-only"
housing,NH,elig_pop_persons,pop,total,163525.00517524022,"PERSONS in eligible SPM units; PE concept = recipients OR renter <=80% AMI (Urban: households <=50% AMI) — unit + concept mismatch, annotate-only"
housing,NJ,elig_pop_persons,pop,total,1809615.967821051,"PERSONS in eligible SPM units; PE concept = recipients OR renter <=80% AMI (Urban: households <=50% AMI) — unit + concept mismatch, annotate-only"
housing,NM,elig_pop_persons,pop,total,395652.8281389182,"PERSONS in eligible SPM units; PE concept = recipients OR renter <=80% AMI (Urban: households <=50% AMI) — unit + concept mismatch, annotate-only"
housing,NV,elig_pop_persons,pop,total,599759.2211386317,"PERSONS in eligible SPM units; PE concept = recipients OR renter <=80% AMI (Urban: households <=50% AMI) — unit + concept mismatch, annotate-only"
housing,NY,elig_pop_persons,pop,total,5642562.332885155,"PERSONS in eligible SPM units; PE concept = recipients OR renter <=80% AMI (Urban: households <=50% AMI) — unit + concept mismatch, annotate-only"
housing,OH,elig_pop_persons,pop,total,1976907.0152665302,"PERSONS in eligible SPM units; PE concept = recipients OR renter <=80% AMI (Urban: households <=50% AMI) — unit + concept mismatch, annotate-only"
housing,OK,elig_pop_persons,pop,total,629747.4874627681,"PERSONS in eligible SPM units; PE concept = recipients OR renter <=80% AMI (Urban: households <=50% AMI) — unit + concept mismatch, annotate-only"
housing,OR,elig_pop_persons,pop,total,611265.965749853,"PERSONS in eligible SPM units; PE concept = recipients OR renter <=80% AMI (Urban: households <=50% AMI) — unit + concept mismatch, annotate-only"
housing,PA,elig_pop_persons,pop,total,1614641.658840814,"PERSONS in eligible SPM units; PE concept = recipients OR renter <=80% AMI (Urban: households <=50% AMI) — unit + concept mismatch, annotate-only"
housing,RI,elig_pop_persons,pop,total,273423.73382963624,"PERSONS in eligible SPM units; PE concept = recipients OR renter <=80% AMI (Urban: households <=50% AMI) — unit + concept mismatch, annotate-only"
housing,SC,elig_pop_persons,pop,total,668497.7198195327,"PERSONS in eligible SPM units; PE concept = recipients OR renter <=80% AMI (Urban: households <=50% AMI) — unit + concept mismatch, annotate-only"
housing,SD,elig_pop_persons,pop,total,106519.37118103559,"PERSONS in eligible SPM units; PE concept = recipients OR renter <=80% AMI (Urban: households <=50% AMI) — unit + concept mismatch, annotate-only"
housing,TN,elig_pop_persons,pop,total,1227092.1877939212,"PERSONS in eligible SPM units; PE concept = recipients OR renter <=80% AMI (Urban: households <=50% AMI) — unit + concept mismatch, annotate-only"
housing,TX,elig_pop_persons,pop,total,5778536.8421543185,"PERSONS in eligible SPM units; PE concept = recipients OR renter <=80% AMI (Urban: households <=50% AMI) — unit + concept mismatch, annotate-only"
housing,UT,elig_pop_persons,pop,total,588669.2743654291,"PERSONS in eligible SPM units; PE concept = recipients OR renter <=80% AMI (Urban: households <=50% AMI) — unit + concept mismatch, annotate-only"
housing,VA,elig_pop_persons,pop,total,1063489.966855045,"PERSONS in eligible SPM units; PE concept = recipients OR renter <=80% AMI (Urban: households <=50% AMI) — unit + concept mismatch, annotate-only"
housing,VT,elig_pop_persons,pop,total,99259.09166652047,"PERSONS in eligible SPM units; PE concept = recipients OR renter <=80% AMI (Urban: households <=50% AMI) — unit + concept mismatch, annotate-only"
housing,WA,elig_pop_persons,pop,total,1447524.520302717,"PERSONS in eligible SPM units; PE concept = recipients OR renter <=80% AMI (Urban: households <=50% AMI) — unit + concept mismatch, annotate-only"
housing,WI,elig_pop_persons,pop,total,777810.9129720991,"PERSONS in eligible SPM units; PE concept = recipients OR renter <=80% AMI (Urban: households <=50% AMI) — unit + concept mismatch, annotate-only"
housing,WV,elig_pop_persons,pop,total,249854.29195948644,"PERSONS in eligible SPM units; PE concept = recipients OR renter <=80% AMI (Urban: households <=50% AMI) — unit + concept mismatch, annotate-only"
housing,WY,elig_pop_persons,pop,total,77037.04536565302,"PERSONS in eligible SPM units; PE concept = recipients OR renter <=80% AMI (Urban: households <=50% AMI) — unit + concept mismatch, annotate-only"
housing,US,part_pop_persons,pop,total,1780662.263317788,persons in units with housing_assistance>0
housing,AK,part_pop_persons,pop,total,10875.674713396642,persons in units with housing_assistance>0
housing,AL,part_pop_persons,pop,total,0.4481941759586334,persons in units with housing_assistance>0
housing,AR,part_pop_persons,pop,total,20924.32648297728,persons in units with housing_assistance>0
housing,AZ,part_pop_persons,pop,total,50965.99857560999,persons in units with housing_assistance>0
housing,CA,part_pop_persons,pop,total,389753.8880382028,persons in units with housing_assistance>0
housing,CO,part_pop_persons,pop,total,4265.948829511646,persons in units with housing_assistance>0
housing,CT,part_pop_persons,pop,total,39.86025600321591,persons in units with housing_assistance>0
housing,DC,part_pop_persons,pop,total,21176.469809840375,persons in units with housing_assistance>0
housing,DE,part_pop_persons,pop,total,6381.764401020482,persons in units with housing_assistance>0
housing,FL,part_pop_persons,pop,total,12832.951386774424,persons in units with housing_assistance>0
housing,GA,part_pop_persons,pop,total,0.03719689755234867,persons in units with housing_assistance>0
housing,HI,part_pop_persons,pop,total,20675.98873732239,persons in units with housing_assistance>0
housing,IA,part_pop_persons,pop,total,0.08157294179545715,persons in units with housing_assistance>0
housing,ID,part_pop_persons,pop,total,0.0,persons in units with housing_assistance>0
housing,IL,part_pop_persons,pop,total,82183.81662410591,persons in units with housing_assistance>0
housing,IN,part_pop_persons,pop,total,0.6837408025749028,persons in units with housing_assistance>0
housing,KS,part_pop_persons,pop,total,0.039249612018465996,persons in units with housing_assistance>0
housing,KY,part_pop_persons,pop,total,29094.206390505657,persons in units with housing_assistance>0
housing,LA,part_pop_persons,pop,total,31559.821094547224,persons in units with housing_assistance>0
housing,MA,part_pop_persons,pop,total,133489.50607356604,persons in units with housing_assistance>0
housing,MD,part_pop_persons,pop,total,0.41486440505832434,persons in units with housing_assistance>0
housing,ME,part_pop_persons,pop,total,16289.834374558879,persons in units with housing_assistance>0
housing,MI,part_pop_persons,pop,total,15467.16430307459,persons in units with housing_assistance>0
housing,MN,part_pop_persons,pop,total,1.783713142038323,persons in units with housing_assistance>0
housing,MO,part_pop_persons,pop,total,8227.503643981181,persons in units with housing_assistance>0
housing,MS,part_pop_persons,pop,total,26453.41307153547,persons in units with housing_assistance>0
housing,MT,part_pop_persons,pop,total,2638.4486453954014,persons in units with housing_assistance>0
housing,NC,part_pop_persons,pop,total,34113.99996553897,persons in units with housing_assistance>0
housing,ND,part_pop_persons,pop,total,0.04402564710471779,persons in units with housing_assistance>0
housing,NE,part_pop_persons,pop,total,7085.386702324729,persons in units with housing_assistance>0
housing,NH,part_pop_persons,pop,total,3487.793880490877,persons in units with housing_assistance>0
housing,NJ,part_pop_persons,pop,total,79441.67194316676,persons in units with housing_assistance>0
housing,NM,part_pop_persons,pop,total,53078.99560524296,persons in units with housing_assistance>0
housing,NV,part_pop_persons,pop,total,0.010827414691448212,persons in units with housing_assistance>0
housing,NY,part_pop_persons,pop,total,306951.1754670247,persons in units with housing_assistance>0
housing,OH,part_pop_persons,pop,total,19315.985521391965,persons in units with housing_assistance>0
housing,OK,part_pop_persons,pop,total,40186.9698698814,persons in units with housing_assistance>0
housing,OR,part_pop_persons,pop,total,14238.344082817435,persons in units with housing_assistance>0
housing,PA,part_pop_persons,pop,total,81315.19890489557,persons in units with housing_assistance>0
housing,RI,part_pop_persons,pop,total,9662.462019053462,persons in units with housing_assistance>0
housing,SC,part_pop_persons,pop,total,0.2876539546996355,persons in units with housing_assistance>0
housing,SD,part_pop_persons,pop,total,88.80319816607516,persons in units with housing_assistance>0
housing,TN,part_pop_persons,pop,total,0.02870230929693207,persons in units with housing_assistance>0
housing,TX,part_pop_persons,pop,total,158275.57411079528,persons in units with housing_assistance>0
housing,UT,part_pop_persons,pop,total,30.39794111251831,persons in units with housing_assistance>0
housing,VA,part_pop_persons,pop,total,0.04675223305821419,persons in units with housing_assistance>0
housing,VT,part_pop_persons,pop,total,0.0,persons in units with housing_assistance>0
housing,WA,part_pop_persons,pop,total,27492.682811022154,persons in units with housing_assistance>0
housing,WI,part_pop_persons,pop,total,59128.05624575447,persons in units with housing_assistance>0
housing,WV,part_pop_persons,pop,total,0.0,persons in units with housing_assistance>0
housing,WY,part_pop_persons,pop,total,3468.2731036432087,persons in units with housing_assistance>0
base,US,spm_pov_rate_100,pop,total,0.13604156677312793,annual 2024 SPM (Urban: 2023)
base,AK,spm_pov_rate_100,pop,total,0.09283684427818516,annual 2024 SPM (Urban: 2023)
base,AL,spm_pov_rate_100,pop,total,0.14907973469539632,annual 2024 SPM (Urban: 2023)
base,AR,spm_pov_rate_100,pop,total,0.07909125992212322,annual 2024 SPM (Urban: 2023)
base,AZ,spm_pov_rate_100,pop,total,0.1491333207680306,annual 2024 SPM (Urban: 2023)
base,CA,spm_pov_rate_100,pop,total,0.189299641392562,annual 2024 SPM (Urban: 2023)
base,CO,spm_pov_rate_100,pop,total,0.08869457437260421,annual 2024 SPM (Urban: 2023)
base,CT,spm_pov_rate_100,pop,total,0.13541178145567878,annual 2024 SPM (Urban: 2023)
base,DC,spm_pov_rate_100,pop,total,0.12058048483818579,annual 2024 SPM (Urban: 2023)
base,DE,spm_pov_rate_100,pop,total,0.13642758945411404,annual 2024 SPM (Urban: 2023)
base,FL,spm_pov_rate_100,pop,total,0.1780377708238446,annual 2024 SPM (Urban: 2023)
base,GA,spm_pov_rate_100,pop,total,0.11947551277095043,annual 2024 SPM (Urban: 2023)
base,HI,spm_pov_rate_100,pop,total,0.09987798222652865,annual 2024 SPM (Urban: 2023)
base,IA,spm_pov_rate_100,pop,total,0.07406936449455101,annual 2024 SPM (Urban: 2023)
base,ID,spm_pov_rate_100,pop,total,0.0716027134129432,annual 2024 SPM (Urban: 2023)
base,IL,spm_pov_rate_100,pop,total,0.14823684546095497,annual 2024 SPM (Urban: 2023)
base,IN,spm_pov_rate_100,pop,total,0.10280824295080741,annual 2024 SPM (Urban: 2023)
base,KS,spm_pov_rate_100,pop,total,0.07727693025134097,annual 2024 SPM (Urban: 2023)
base,KY,spm_pov_rate_100,pop,total,0.14612328231265181,annual 2024 SPM (Urban: 2023)
base,LA,spm_pov_rate_100,pop,total,0.1495529753159066,annual 2024 SPM (Urban: 2023)
base,MA,spm_pov_rate_100,pop,total,0.180462938897858,annual 2024 SPM (Urban: 2023)
base,MD,spm_pov_rate_100,pop,total,0.13347004640796337,annual 2024 SPM (Urban: 2023)
base,ME,spm_pov_rate_100,pop,total,0.07957379748963445,annual 2024 SPM (Urban: 2023)
base,MI,spm_pov_rate_100,pop,total,0.07526060109964892,annual 2024 SPM (Urban: 2023)
base,MN,spm_pov_rate_100,pop,total,0.06758951700082379,annual 2024 SPM (Urban: 2023)
base,MO,spm_pov_rate_100,pop,total,0.12552902395865795,annual 2024 SPM (Urban: 2023)
base,MS,spm_pov_rate_100,pop,total,0.11113130982463268,annual 2024 SPM (Urban: 2023)
base,MT,spm_pov_rate_100,pop,total,0.07042071934805898,annual 2024 SPM (Urban: 2023)
base,NC,spm_pov_rate_100,pop,total,0.11149232899467215,annual 2024 SPM (Urban: 2023)
base,ND,spm_pov_rate_100,pop,total,0.07051397087505538,annual 2024 SPM (Urban: 2023)
base,NE,spm_pov_rate_100,pop,total,0.08520480220297437,annual 2024 SPM (Urban: 2023)
base,NH,spm_pov_rate_100,pop,total,0.07162808142653787,annual 2024 SPM (Urban: 2023)
base,NJ,spm_pov_rate_100,pop,total,0.09346461015155244,annual 2024 SPM (Urban: 2023)
base,NM,spm_pov_rate_100,pop,total,0.12720441319309628,annual 2024 SPM (Urban: 2023)
base,NV,spm_pov_rate_100,pop,total,0.14168846574427846,annual 2024 SPM (Urban: 2023)
base,NY,spm_pov_rate_100,pop,total,0.19879702298257182,annual 2024 SPM (Urban: 2023)
base,OH,spm_pov_rate_100,pop,total,0.07066235671312096,annual 2024 SPM (Urban: 2023)
base,OK,spm_pov_rate_100,pop,total,0.10280767901307787,annual 2024 SPM (Urban: 2023)
base,OR,spm_pov_rate_100,pop,total,0.16368278666116637,annual 2024 SPM (Urban: 2023)
base,PA,spm_pov_rate_100,pop,total,0.11032828079950505,annual 2024 SPM (Urban: 2023)
base,RI,spm_pov_rate_100,pop,total,0.1355431741475872,annual 2024 SPM (Urban: 2023)
base,SC,spm_pov_rate_100,pop,total,0.09155547230976419,annual 2024 SPM (Urban: 2023)
base,SD,spm_pov_rate_100,pop,total,0.08988941638801533,annual 2024 SPM (Urban: 2023)
base,TN,spm_pov_rate_100,pop,total,0.14162822525910573,annual 2024 SPM (Urban: 2023)
base,TX,spm_pov_rate_100,pop,total,0.15057704896379168,annual 2024 SPM (Urban: 2023)
base,UT,spm_pov_rate_100,pop,total,0.11942332162025737,annual 2024 SPM (Urban: 2023)
base,VA,spm_pov_rate_100,pop,total,0.1271539097078634,annual 2024 SPM (Urban: 2023)
base,VT,spm_pov_rate_100,pop,total,0.13486144530326571,annual 2024 SPM (Urban: 2023)
base,WA,spm_pov_rate_100,pop,total,0.12403654319855185,annual 2024 SPM (Urban: 2023)
base,WI,spm_pov_rate_100,pop,total,0.1100340828221268,annual 2024 SPM (Urban: 2023)
base,WV,spm_pov_rate_100,pop,total,0.130164372372893,annual 2024 SPM (Urban: 2023)
base,WY,spm_pov_rate_100,pop,total,0.07389283826546582,annual 2024 SPM (Urban: 2023)
base,US,spm_pov_rate_100_child,pop,total,0.16968853177649387,
base,AK,spm_pov_rate_100_child,pop,total,0.11644428491476799,
base,AL,spm_pov_rate_100_child,pop,total,0.14888084333658566,
base,AR,spm_pov_rate_100_child,pop,total,0.08126618989022011,
base,AZ,spm_pov_rate_100_child,pop,total,0.22325929671750094,
base,CA,spm_pov_rate_100_child,pop,total,0.2385549645096592,
base,CO,spm_pov_rate_100_child,pop,total,0.10187998660602615,
base,CT,spm_pov_rate_100_child,pop,total,0.15812589758198833,
base,DC,spm_pov_rate_100_child,pop,total,0.14982277635327929,
base,DE,spm_pov_rate_100_child,pop,total,0.19329875205402133,
base,FL,spm_pov_rate_100_child,pop,total,0.27564122910939204,
base,GA,spm_pov_rate_100_child,pop,total,0.15806752862851944,
base,HI,spm_pov_rate_100_child,pop,total,0.09294513105019413,
base,IA,spm_pov_rate_100_child,pop,total,0.07934266205374049,
base,ID,spm_pov_rate_100_child,pop,total,0.07356497707142903,
base,IL,spm_pov_rate_100_child,pop,total,0.20807284095342027,
base,IN,spm_pov_rate_100_child,pop,total,0.1159143509149552,
base,KS,spm_pov_rate_100_child,pop,total,0.07842585630663092,
base,KY,spm_pov_rate_100_child,pop,total,0.1699798562283179,
base,LA,spm_pov_rate_100_child,pop,total,0.14496974468732746,
base,MA,spm_pov_rate_100_child,pop,total,0.20279677554778017,
base,MD,spm_pov_rate_100_child,pop,total,0.18529120508508418,
base,ME,spm_pov_rate_100_child,pop,total,0.124489345696511,
base,MI,spm_pov_rate_100_child,pop,total,0.1089823220130015,
base,MN,spm_pov_rate_100_child,pop,total,0.08431444676700531,
base,MO,spm_pov_rate_100_child,pop,total,0.1474499175159289,
base,MS,spm_pov_rate_100_child,pop,total,0.13983807862373,
base,MT,spm_pov_rate_100_child,pop,total,0.025309611202219813,
base,NC,spm_pov_rate_100_child,pop,total,0.17499397608869646,
base,ND,spm_pov_rate_100_child,pop,total,0.10658480140994363,
base,NE,spm_pov_rate_100_child,pop,total,0.13107331033727135,
base,NH,spm_pov_rate_100_child,pop,total,0.08742384623770812,
base,NJ,spm_pov_rate_100_child,pop,total,0.1496147011350274,
base,NM,spm_pov_rate_100_child,pop,total,0.10151198000147996,
base,NV,spm_pov_rate_100_child,pop,total,0.18106228651143236,
base,NY,spm_pov_rate_100_child,pop,total,0.20539965905196347,
base,OH,spm_pov_rate_100_child,pop,total,0.09082811506584916,
base,OK,spm_pov_rate_100_child,pop,total,0.13508635758625054,
base,OR,spm_pov_rate_100_child,pop,total,0.11575273127845274,
base,PA,spm_pov_rate_100_child,pop,total,0.11884658042004098,
base,RI,spm_pov_rate_100_child,pop,total,0.16934776258124015,
base,SC,spm_pov_rate_100_child,pop,total,0.10647646369571578,
base,SD,spm_pov_rate_100_child,pop,total,0.11338922626160886,
base,TN,spm_pov_rate_100_child,pop,total,0.21612484944439847,
base,TX,spm_pov_rate_100_child,pop,total,0.18490403976916922,
base,UT,spm_pov_rate_100_child,pop,total,0.11938087077092167,
base,VA,spm_pov_rate_100_child,pop,total,0.17844775907995616,
base,VT,spm_pov_rate_100_child,pop,total,0.16663108976823038,
base,WA,spm_pov_rate_100_child,pop,total,0.16851661797442058,
base,WI,spm_pov_rate_100_child,pop,total,0.06854822390062765,
base,WV,spm_pov_rate_100_child,pop,total,0.1845940141158488,
base,WY,spm_pov_rate_100_child,pop,total,0.08787720529445399,
eitc,US,recipient_units,units,total,23685601.234808758,current-law recipients (claims-targeted); eligibility concept comes from fullpart pass
ctc_refund,US,recipient_units,units,total,17656556.16204807,current-law recipients (claims-targeted); eligibility concept comes from fullpart pass
